TCGA-AR-A1AH-01	0
TCGA-A5-A0GI-01	2
TCGA-BP-4165-01	4
TCGA-CJ-4876-01	4
TCGA-39-5024-01	0
TCGA-44-6778-01	0
TCGA-E2-A10B-01	1
TCGA-AB-2863-03	3
TCGA-AX-A2H7-01	2
TCGA-C8-A1HL-01	1
TCGA-EW-A2FS-01	1
TCGA-D8-A1XA-01	1
TCGA-AO-A1KQ-01	1
TCGA-A8-A0A6-01	1
TCGA-05-4420-01	0
TCGA-AB-2844-03	3
TCGA-B6-A0IE-01	1
TCGA-05-4382-01	0
TCGA-AQ-A04J-01	0
TCGA-37-3789-01	0
TCGA-AR-A1AJ-01	0
TCGA-BP-5181-01	4
TCGA-BH-A0W4-01	1
TCGA-24-2281-01	6
TCGA-A8-A07B-01	1
TCGA-C8-A26Y-01	1
TCGA-AA-3519-01	7
TCGA-AB-2837-03	3
TCGA-34-7107-01	0
TCGA-FD-A3N6-01	0
TCGA-B5-A1MY-01	2
TCGA-AA-3939-01	7
TCGA-AK-3453-01	4
TCGA-DQ-5624-01	0
TCGA-06-5412-01	5
TCGA-BP-4765-01	4
TCGA-28-1753-01	5
TCGA-B4-5844-01	4
TCGA-CM-4748-01	7
TCGA-25-2409-01	6
TCGA-BH-A18K-01	1
TCGA-BP-4965-01	4
TCGA-A8-A086-01	1
TCGA-AG-A011-01	7
TCGA-CV-7102-01	0
TCGA-AA-3811-01	7
TCGA-D8-A1X5-01	1
TCGA-D8-A1JB-01	1
TCGA-66-2792-01	0
TCGA-CR-7401-01	0
TCGA-12-5295-01	5
TCGA-E2-A15H-01	1
TCGA-AO-A03T-01	1
TCGA-D8-A27P-01	1
TCGA-D8-A1JD-01	1
TCGA-FD-A3SJ-01	0
TCGA-BA-4077-01	0
TCGA-AB-2825-03	3
TCGA-AR-A2LO-01	1
TCGA-CN-5359-01	0
TCGA-AX-A1CJ-01	2
TCGA-A5-A0GP-01	2
TCGA-A3-3317-01	4
TCGA-06-0882-01	5
TCGA-AG-3578-01	7
TCGA-BT-A3PJ-01	0
TCGA-B0-4707-01	4
TCGA-BH-A0DH-01	1
TCGA-05-5428-01	0
TCGA-EY-A1GQ-01	2
TCGA-EW-A1P0-01	1
TCGA-DI-A0WH-01	2
TCGA-CV-6935-01	0
TCGA-D8-A1JU-01	1
TCGA-D8-A1XV-01	1
TCGA-D8-A13Y-01	0
TCGA-CW-5588-01	4
TCGA-CJ-6031-01	4
TCGA-CV-5976-01	0
TCGA-BP-4775-01	4
TCGA-AR-A0TU-01	0
TCGA-CV-7440-01	0
TCGA-25-1315-01	6
TCGA-BH-A0B0-01	1
TCGA-AA-3831-01	7
TCGA-CV-6948-01	0
TCGA-D8-A1JI-01	1
TCGA-D1-A1NW-01	2
TCGA-GM-A2D9-01	1
TCGA-E2-A15P-01	1
TCGA-CJ-6028-01	4
TCGA-24-2297-01	6
TCGA-CJ-4644-01	4
TCGA-AA-3693-01	7
TCGA-BH-A0B8-01	1
TCGA-49-6744-01	0
TCGA-41-4097-01	5
TCGA-EW-A1OY-01	1
TCGA-66-2794-01	0
TCGA-A1-A0SQ-01	1
TCGA-24-1564-01	6
TCGA-AB-2833-03	3
TCGA-64-5778-01	0
TCGA-A5-A0G2-01	2
TCGA-HQ-A2OE-01	0
TCGA-AC-A23H-01	1
TCGA-55-6982-01	0
TCGA-A2-A0CQ-01	1
TCGA-BG-A0M8-01	2
TCGA-55-7726-01	0
TCGA-CJ-4640-01	4
TCGA-A7-A26H-01	1
TCGA-BH-A0BA-01	1
TCGA-09-0369-01	6
TCGA-AX-A1CE-01	2
TCGA-BP-5201-01	4
TCGA-05-4249-01	0
TCGA-A2-A04U-01	0
TCGA-AX-A0IZ-01	2
TCGA-CJ-4912-01	4
TCGA-50-5933-01	0
TCGA-86-8074-01	0
TCGA-13-1512-01	6
TCGA-55-1592-01	0
TCGA-19-1787-01	5
TCGA-D1-A17D-01	2
TCGA-43-5668-01	0
TCGA-C8-A26Z-01	1
TCGA-BH-A1FU-01	1
TCGA-A2-A0ET-01	1
TCGA-12-5299-01	5
TCGA-AB-2940-03	3
TCGA-AA-3818-01	7
TCGA-66-2777-01	0
TCGA-BS-A0TC-01	2
TCGA-21-5783-01	0
TCGA-E9-A3HO-01	1
TCGA-AX-A1CA-01	2
TCGA-BS-A0U9-01	2
TCGA-BK-A13C-01	2
TCGA-AP-A0L9-01	2
TCGA-60-2724-01	0
TCGA-27-2528-01	5
TCGA-CV-6960-01	0
TCGA-AB-2816-03	3
TCGA-B8-4621-01	4
TCGA-AG-A01W-01	7
TCGA-D1-A0ZO-01	2
TCGA-D8-A1XJ-01	1
TCGA-AA-3972-01	7
TCGA-CW-5591-01	4
TCGA-AG-3587-01	7
TCGA-50-5939-01	0
TCGA-75-7027-01	0
TCGA-E2-A15R-01	1
TCGA-A3-3325-01	4
TCGA-66-2769-01	0
TCGA-AB-2868-03	3
TCGA-BT-A20T-01	0
TCGA-BA-6870-01	0
TCGA-73-4666-01	0
TCGA-30-1860-01	6
TCGA-BP-5202-01	4
TCGA-D6-6516-01	0
TCGA-CV-7235-01	0
TCGA-AA-A004-01	2
TCGA-E2-A14S-01	1
TCGA-A8-A06O-01	1
TCGA-A3-3387-01	4
TCGA-BP-4974-01	4
TCGA-AR-A24S-01	0
TCGA-CV-6955-01	0
TCGA-34-5928-01	0
TCGA-A2-A3KD-01	1
TCGA-D8-A1JM-01	0
TCGA-22-4594-01	0
TCGA-E2-A15K-01	1
TCGA-E2-A15K-06	1
TCGA-55-6986-01	0
TCGA-AC-A2FK-01	4
TCGA-AA-3524-01	7
TCGA-44-2665-01	0
TCGA-AG-3584-01	7
TCGA-B5-A1MV-01	2
TCGA-AO-A12G-01	1
TCGA-C8-A1HO-01	1
TCGA-A2-A1FZ-01	1
TCGA-37-4129-01	4
TCGA-E9-A228-01	1
TCGA-23-1123-01	6
TCGA-A5-A0G1-01	2
TCGA-CV-6959-01	0
TCGA-61-2113-01	6
TCGA-BH-A0EB-01	1
TCGA-AP-A1DH-01	2
TCGA-AP-A0LO-01	2
TCGA-19-2625-01	5
TCGA-06-2565-01	5
TCGA-BH-A0BZ-01	1
TCGA-D1-A16V-01	2
TCGA-22-5478-01	0
TCGA-AR-A1AW-01	1
TCGA-A3-3308-01	4
TCGA-BG-A0LW-01	2
TCGA-BS-A0WQ-01	2
TCGA-61-2009-01	6
TCGA-D1-A17B-01	2
TCGA-66-2780-01	0
TCGA-39-5028-01	0
TCGA-BP-4349-01	4
TCGA-B0-5116-01	4
TCGA-21-1075-01	0
TCGA-BP-4770-01	0
TCGA-BH-A0H6-01	1
TCGA-BH-A0BM-01	1
TCGA-AB-2914-03	3
TCGA-06-0132-01	5
TCGA-D1-A2G6-01	2
TCGA-DK-A3IN-01	0
TCGA-A2-A0YD-01	1
TCGA-BT-A0S7-01	0
TCGA-BA-6869-01	0
TCGA-CU-A0YO-01	0
TCGA-BP-5192-01	4
TCGA-AA-3667-01	2
TCGA-CQ-5323-01	0
TCGA-FI-A2F8-01	2
TCGA-BH-A1EY-01	1
TCGA-B0-5106-01	4
TCGA-B0-4843-01	4
TCGA-24-1551-01	6
TCGA-EW-A1OV-01	1
TCGA-BP-4961-01	4
TCGA-06-2561-01	5
TCGA-C8-A12N-01	1
TCGA-AB-2956-03	3
TCGA-B0-4827-01	4
TCGA-21-1071-01	0
TCGA-BL-A13J-01	0
TCGA-AB-2985-03	3
TCGA-37-4133-01	0
TCGA-CV-5971-01	0
TCGA-D8-A1JF-01	1
TCGA-09-1674-01	6
TCGA-B0-5703-01	4
TCGA-56-7582-01	0
TCGA-A2-A25F-01	0
TCGA-18-3406-01	0
TCGA-73-4662-01	0
TCGA-GD-A2C5-01	0
TCGA-CN-6989-01	0
TCGA-FI-A2F4-01	2
TCGA-E2-A1LL-01	0
TCGA-C8-A273-01	1
TCGA-AA-A01F-01	7
TCGA-B0-5102-01	4
TCGA-FD-A3SR-01	0
TCGA-A8-A0A1-01	1
TCGA-32-5222-01	5
TCGA-BP-4985-01	4
TCGA-BP-4969-01	4
TCGA-CV-5435-01	0
TCGA-AR-A24W-01	1
TCGA-E2-A106-01	1
TCGA-CQ-5332-01	0
TCGA-C8-A132-01	1
TCGA-A5-A0R7-01	2
TCGA-E2-A10F-01	1
TCGA-D8-A1JJ-01	1
TCGA-G2-A2EJ-01	0
TCGA-BP-4355-01	4
TCGA-CV-5970-01	0
TCGA-DV-5568-01	4
TCGA-BH-A0EE-01	1
TCGA-77-7142-01	0
TCGA-BS-A0VI-01	2
TCGA-CR-7374-01	0
TCGA-FD-A3SN-01	0
TCGA-AP-A051-01	2
TCGA-60-2719-01	0
TCGA-B6-A0RQ-01	4
TCGA-D1-A0ZP-01	2
TCGA-50-5066-02	0
TCGA-50-5066-01	0
TCGA-AA-3862-01	7
TCGA-B5-A11Z-01	2
TCGA-A8-A08Z-01	1
TCGA-E9-A24A-01	1
TCGA-BH-A0DT-01	1
TCGA-66-2759-01	0
TCGA-BP-4346-01	4
TCGA-BG-A18C-01	2
TCGA-CJ-4885-01	4
TCGA-A6-2671-01	2
TCGA-DK-A1AD-01	0
TCGA-D8-A27W-01	1
TCGA-85-6560-01	0
TCGA-HD-7754-01	0
TCGA-A1-A0SJ-01	1
TCGA-25-1871-01	6
TCGA-A8-A096-01	1
TCGA-BH-A0HK-01	1
TCGA-AO-A03P-01	1
TCGA-CN-4739-01	0
TCGA-AA-A00W-01	7
TCGA-AR-A2LL-01	1
TCGA-AB-2963-03	3
TCGA-39-5031-01	0
TCGA-A8-A075-01	1
TCGA-AN-A041-01	1
TCGA-AA-3666-01	7
TCGA-DQ-7593-01	0
TCGA-04-1357-01	6
TCGA-CZ-5467-01	4
TCGA-G2-A3VY-01	0
TCGA-BH-A0E1-01	1
TCGA-A1-A0SD-01	1
TCGA-06-0221-02	5
TCGA-C8-A12T-01	1
TCGA-32-1980-01	5
TCGA-E2-A158-01	0
TCGA-51-4079-01	0
TCGA-38-4628-01	0
TCGA-AA-3527-01	2
TCGA-AP-A0LV-01	2
TCGA-AR-A0TV-01	1
TCGA-CN-5361-01	0
TCGA-AB-2967-03	3
TCGA-50-6594-01	0
TCGA-B0-4712-01	4
TCGA-CJ-4868-01	4
TCGA-A8-A079-01	1
TCGA-A3-3307-01	4
TCGA-FT-A3EE-01	0
TCGA-A7-A0D9-01	1
TCGA-A2-A04Y-01	1
TCGA-43-3394-01	0
TCGA-05-4250-01	0
TCGA-BH-A204-01	1
TCGA-BH-A0B4-01	1
TCGA-E2-A1LH-01	0
TCGA-55-7907-01	0
TCGA-AB-2812-03	3
TCGA-AB-2972-03	3
TCGA-61-2098-01	6
TCGA-E2-A154-01	1
TCGA-BA-5151-01	0
TCGA-CJ-4899-01	4
TCGA-E7-A3X6-01	0
TCGA-D1-A16G-01	2
TCGA-24-2023-01	6
TCGA-B0-4815-01	4
TCGA-CV-6940-01	0
TCGA-46-6026-01	0
TCGA-24-1474-01	6
TCGA-DV-5576-01	4
TCGA-AB-2938-03	3
TCGA-BS-A0U5-01	2
TCGA-B0-5694-01	4
TCGA-AA-3672-01	2
TCGA-DV-5575-01	4
TCGA-B6-A0I9-01	1
TCGA-14-0736-02	5
TCGA-21-1082-01	0
TCGA-CR-7370-01	0
TCGA-22-5473-01	0
TCGA-B0-5698-01	4
TCGA-B6-A0RH-01	1
TCGA-67-3774-01	0
TCGA-80-5608-01	0
TCGA-CN-6021-01	0
TCGA-B5-A11U-01	2
TCGA-AA-3520-01	7
TCGA-85-7950-01	0
TCGA-BP-4173-01	4
TCGA-60-2698-01	0
TCGA-A8-A07W-01	1
TCGA-E9-A1N6-01	1
TCGA-DQ-7589-01	0
TCGA-A8-A07I-01	1
TCGA-AA-3970-01	7
TCGA-E2-A14W-01	1
TCGA-64-1677-01	0
TCGA-EW-A1PA-01	1
TCGA-AA-3562-01	7
TCGA-24-0975-01	6
TCGA-CV-7438-01	0
TCGA-44-6774-01	0
TCGA-D8-A27H-01	0
TCGA-B0-4698-01	0
TCGA-CV-5440-01	0
TCGA-K4-A3WS-01	0
TCGA-AB-2959-03	3
TCGA-AA-3516-01	7
TCGA-B5-A11Q-01	2
TCGA-BG-A0MS-01	2
TCGA-AA-3812-01	2
TCGA-AR-A1AS-01	1
TCGA-39-5036-01	0
TCGA-64-5775-01	0
TCGA-AO-A124-01	0
TCGA-B0-5096-01	4
TCGA-CZ-4860-01	4
TCGA-A8-A09D-01	1
TCGA-63-7022-01	0
TCGA-09-2048-01	6
TCGA-60-2707-01	0
TCGA-73-4670-01	0
TCGA-AR-A256-01	0
TCGA-05-4389-01	0
TCGA-CN-5365-01	0
TCGA-44-6146-01	0
TCGA-24-2036-01	6
TCGA-CR-7391-01	0
TCGA-66-2782-01	0
TCGA-AG-A025-01	7
TCGA-AN-A0XO-01	1
TCGA-D1-A176-01	2
TCGA-AO-A0JJ-01	1
TCGA-BH-A0DQ-01	1
TCGA-EY-A1GV-01	2
TCGA-GD-A3OQ-01	0
TCGA-B0-5700-01	4
TCGA-91-6848-01	0
TCGA-A2-A0T3-01	1
TCGA-B0-4847-01	4
TCGA-50-5935-01	0
TCGA-24-1555-01	6
TCGA-AK-3465-01	4
TCGA-AR-A0TZ-01	1
TCGA-D1-A102-01	2
TCGA-21-1079-01	0
TCGA-78-7146-01	0
TCGA-CV-6956-01	0
TCGA-CN-5369-01	0
TCGA-AA-3854-01	7
TCGA-AP-A056-01	2
TCGA-DQ-5631-01	0
TCGA-AN-A0XS-01	1
TCGA-AA-3994-01	7
TCGA-AO-A0J7-01	1
TCGA-13-0916-01	6
TCGA-35-4122-01	0
TCGA-EY-A215-01	2
TCGA-CR-7369-01	0
TCGA-D8-A1XY-01	1
TCGA-AA-3553-01	7
TCGA-44-4112-01	0
TCGA-A2-A0D1-01	1
TCGA-AA-A02O-01	2
TCGA-AP-A1E3-01	2
TCGA-AK-3461-01	4
TCGA-B0-5692-01	4
TCGA-29-1710-01	6
TCGA-AO-A03O-01	1
TCGA-AW-A1PO-01	2
TCGA-AA-3858-01	7
TCGA-AB-2950-03	3
TCGA-55-7574-01	0
TCGA-A5-A0GX-01	2
TCGA-AO-A0J3-01	1
TCGA-44-5644-01	0
TCGA-D1-A16S-01	2
TCGA-CV-7183-01	0
TCGA-B0-5705-01	4
TCGA-61-1900-01	6
TCGA-25-1322-01	6
TCGA-29-1781-01	6
TCGA-A8-A0AB-01	1
TCGA-66-2786-01	0
TCGA-AR-A1AO-01	0
TCGA-AC-A23G-01	1
TCGA-CV-7261-01	0
TCGA-A2-A0ST-01	0
TCGA-29-2425-01	6
TCGA-AN-A0FV-01	1
TCGA-CV-6934-01	0
TCGA-B0-4693-01	4
TCGA-AB-2952-03	3
TCGA-25-1312-01	6
TCGA-CR-6492-01	0
TCGA-DK-A1A7-01	0
TCGA-D8-A1X6-01	1
TCGA-CV-7409-01	0
TCGA-BG-A0M3-01	2
TCGA-A2-A25A-01	1
TCGA-B0-4700-01	4
TCGA-B0-5092-01	4
TCGA-CU-A3KJ-01	0
TCGA-A7-A0CH-01	1
TCGA-E2-A10A-01	1
TCGA-D1-A17S-01	2
TCGA-B5-A1MZ-01	2
TCGA-CZ-4859-01	4
TCGA-C8-A1HK-01	1
TCGA-AA-3982-01	7
TCGA-31-1956-01	6
TCGA-E9-A2JS-01	1
TCGA-73-4677-01	0
TCGA-BP-4977-01	4
TCGA-AG-3580-01	7
TCGA-EW-A1J3-01	1
TCGA-B0-5690-01	4
TCGA-05-4434-01	0
TCGA-29-1696-01	6
TCGA-06-0745-01	5
TCGA-75-7031-01	0
TCGA-GM-A2DM-01	1
TCGA-A7-A0CD-01	1
TCGA-B8-4622-01	4
TCGA-B6-A0WV-01	1
TCGA-GC-A3RD-01	0
TCGA-29-1770-01	6
TCGA-86-7953-01	0
TCGA-05-4398-01	0
TCGA-CR-7402-01	0
TCGA-A7-A13F-01	1
TCGA-FI-A2EU-01	2
TCGA-BA-5559-01	0
TCGA-AB-3001-03	3
TCGA-B6-A0RG-01	1
TCGA-CZ-5455-01	4
TCGA-C8-A26X-01	1
TCGA-BH-A208-01	1
TCGA-BH-A1F6-01	0
TCGA-CR-5247-01	0
TCGA-56-7579-01	0
TCGA-67-3773-01	0
TCGA-DV-5567-01	4
TCGA-BP-4327-01	4
TCGA-BS-A0TD-01	2
TCGA-BG-A0MH-01	2
TCGA-B4-5378-01	4
TCGA-D8-A1X9-01	1
TCGA-AR-A0TR-01	1
TCGA-77-8007-01	0
TCGA-BB-4223-01	0
TCGA-D1-A179-01	2
TCGA-D1-A15V-01	2
TCGA-77-7338-01	0
TCGA-06-2570-01	5
TCGA-AC-A23C-01	1
TCGA-AR-A1AU-01	1
TCGA-AR-A1AN-01	1
TCGA-GM-A2DD-01	1
TCGA-22-5481-01	0
TCGA-BP-4993-01	4
TCGA-AX-A1CF-01	2
TCGA-44-5643-01	0
TCGA-CZ-5456-01	4
TCGA-61-2110-01	6
TCGA-AG-A00C-01	7
TCGA-AR-A24X-01	1
TCGA-21-5784-01	0
TCGA-85-6175-01	0
TCGA-BG-A0MT-01	2
TCGA-AB-2895-03	3
TCGA-13-1511-01	6
TCGA-39-5039-01	0
TCGA-CV-7247-01	0
TCGA-DK-A3IS-01	0
TCGA-29-1701-01	6
TCGA-B6-A0IO-01	1
TCGA-CV-6943-01	0
TCGA-64-5781-01	0
TCGA-24-1850-01	6
TCGA-B0-5084-01	2
TCGA-06-2569-01	0
TCGA-CQ-7068-01	0
TCGA-25-1316-01	6
TCGA-BK-A0CB-01	2
TCGA-D8-A1JN-01	1
TCGA-E2-A1IE-01	1
TCGA-24-1604-01	6
TCGA-AP-A0LD-01	2
TCGA-CV-5444-01	0
TCGA-AN-A0FN-01	1
TCGA-CN-6997-01	0
TCGA-18-5595-01	0
TCGA-CV-5979-01	0
TCGA-FD-A3B5-01	0
TCGA-78-7167-01	0
TCGA-CF-A3MF-01	0
TCGA-25-1321-01	6
TCGA-E2-A15C-01	1
TCGA-55-6981-01	0
TCGA-B8-5165-01	4
TCGA-D1-A1NX-01	2
TCGA-A8-A09X-01	1
TCGA-A8-A08J-01	1
TCGA-AZ-4615-01	7
TCGA-99-8028-01	0
TCGA-55-7903-01	0
TCGA-AG-4015-01	7
TCGA-99-8025-01	0
TCGA-50-6591-01	0
TCGA-BP-4769-01	4
TCGA-AN-A0AJ-01	1
TCGA-D8-A27V-01	1
TCGA-AO-A128-01	0
TCGA-AR-A24T-01	1
TCGA-CR-7395-01	0
TCGA-24-1428-01	6
TCGA-13-2060-01	6
TCGA-AA-A02H-01	7
TCGA-90-6837-01	0
TCGA-94-7943-01	0
TCGA-23-1120-01	6
TCGA-AP-A0LL-01	2
TCGA-A2-A0CT-01	1
TCGA-49-4506-01	0
TCGA-B6-A0RL-01	1
TCGA-12-0619-01	5
TCGA-44-7669-01	0
TCGA-BH-A1F2-01	1
TCGA-BP-4777-01	4
TCGA-24-2290-01	6
TCGA-E9-A1N9-01	1
TCGA-56-7221-01	0
TCGA-09-1668-01	6
TCGA-CN-6022-01	0
TCGA-AB-2881-03	3
TCGA-49-4488-01	0
TCGA-GV-A3QH-01	0
TCGA-22-4601-01	0
TCGA-22-5477-01	0
TCGA-A3-3313-01	4
TCGA-AB-2927-03	3
TCGA-EW-A1PF-01	1
TCGA-78-7537-01	0
TCGA-E2-A1L9-01	1
TCGA-AO-A03L-01	1
TCGA-D8-A1J9-01	1
TCGA-A7-A26G-01	0
TCGA-AP-A0LH-01	2
TCGA-BP-4797-01	4
TCGA-E2-A1LG-01	0
TCGA-CJ-5684-01	4
TCGA-AA-3819-01	7
TCGA-AN-A0FY-01	1
TCGA-BP-4762-01	4
TCGA-AR-A1AP-01	1
TCGA-B8-4143-01	4
TCGA-B0-4844-01	4
TCGA-CF-A3MI-01	0
TCGA-44-3919-01	0
TCGA-AR-A254-01	1
TCGA-B0-5099-01	4
TCGA-G2-A3IE-01	0
TCGA-CV-7243-01	0
TCGA-61-1914-01	6
TCGA-CZ-5988-01	4
TCGA-06-0157-01	5
TCGA-AA-A01Q-01	7
TCGA-29-1705-01	6
TCGA-CV-6952-01	0
TCGA-BG-A0VT-01	2
TCGA-B0-5109-01	0
TCGA-80-5611-01	0
TCGA-FD-A3SQ-01	0
TCGA-B0-5080-01	4
TCGA-AR-A251-01	0
TCGA-BH-A0H5-01	1
TCGA-AB-2917-03	3
TCGA-51-6867-01	0
TCGA-73-7498-01	0
TCGA-BH-A0E6-01	0
TCGA-D8-A1JA-01	1
TCGA-D1-A2G7-01	2
TCGA-29-1699-01	6
TCGA-61-2109-01	6
TCGA-E9-A1R3-01	1
TCGA-E2-A1IN-01	1
TCGA-CQ-6228-01	0
TCGA-BP-4352-01	2
TCGA-75-6214-01	0
TCGA-D8-A1Y0-01	1
TCGA-A2-A0ER-01	1
TCGA-60-2704-01	0
TCGA-93-7348-01	0
TCGA-99-8032-01	0
TCGA-EY-A1GM-01	2
TCGA-55-7570-01	0
TCGA-78-7163-01	0
TCGA-97-7941-01	0
TCGA-EW-A1P3-01	1
TCGA-97-8174-01	0
TCGA-BH-A0HB-01	1
TCGA-AX-A1C7-01	6
TCGA-AG-3609-01	7
TCGA-CZ-5452-01	4
TCGA-B5-A121-01	2
TCGA-D8-A1JE-01	1
TCGA-29-1695-01	6
TCGA-E2-A1LK-01	0
TCGA-19-2629-01	5
TCGA-91-6840-01	0
TCGA-AA-3869-01	7
TCGA-BT-A2LD-01	0
TCGA-B0-4839-01	4
TCGA-B0-5697-01	4
TCGA-CR-7380-01	0
TCGA-AG-A00H-01	7
TCGA-69-7763-01	0
TCGA-A2-A0CP-01	1
TCGA-AB-2887-03	3
TCGA-06-0238-01	5
TCGA-09-2051-01	6
TCGA-CN-4729-01	0
TCGA-AB-2955-03	3
TCGA-AB-2948-03	3
TCGA-GM-A3NY-01	1
TCGA-CJ-5679-01	4
TCGA-BG-A0MA-01	2
TCGA-EW-A1IY-01	1
TCGA-B6-A0X4-01	1
TCGA-AA-3688-01	7
TCGA-A6-2676-01	7
TCGA-D8-A1XQ-01	0
TCGA-23-2077-01	6
TCGA-CV-7248-01	0
TCGA-DK-A1AG-01	0
TCGA-AG-3602-01	7
TCGA-80-5607-01	0
TCGA-A2-A0CL-01	1
TCGA-DQ-7594-01	0
TCGA-CJ-4892-01	4
TCGA-C8-A3M7-01	1
TCGA-BP-4766-01	4
TCGA-A5-A0GJ-01	2
TCGA-AX-A1C4-01	2
TCGA-BL-A13I-01	0
TCGA-C8-A274-01	1
TCGA-C8-A27A-01	1
TCGA-27-1830-01	5
TCGA-B6-A0WZ-01	1
TCGA-69-7978-01	0
TCGA-A8-A08S-01	1
TCGA-CV-7252-01	0
TCGA-C8-A135-01	1
TCGA-49-4505-01	0
TCGA-AK-3431-01	4
TCGA-BP-4343-01	4
TCGA-39-5027-01	0
TCGA-CR-6493-01	0
TCGA-HD-7831-01	0
TCGA-HD-7917-01	0
TCGA-AA-3875-01	7
TCGA-A5-A0VQ-01	2
TCGA-29-1762-01	6
TCGA-06-2559-01	5
TCGA-22-5485-01	0
TCGA-50-5946-02	0
TCGA-A8-A07C-01	0
TCGA-AB-2803-03	3
TCGA-GV-A3QG-01	0
TCGA-H4-A2HQ-01	0
TCGA-93-8067-01	0
TCGA-BH-A0E2-01	1
TCGA-BH-A0BJ-01	1
TCGA-CQ-5331-01	0
TCGA-BG-A0M0-01	2
TCGA-A8-A06U-01	1
TCGA-AG-3583-01	7
TCGA-EY-A2OM-01	2
TCGA-E9-A1R7-01	1
TCGA-AA-3679-01	7
TCGA-09-1673-01	6
TCGA-E9-A249-01	1
TCGA-34-5236-01	0
TCGA-D1-A15Z-01	2
TCGA-77-7141-01	0
TCGA-46-3768-01	0
TCGA-E9-A1QZ-01	1
TCGA-22-5489-01	0
TCGA-06-0749-01	5
TCGA-B6-A0I6-01	0
TCGA-E2-A14Y-01	0
TCGA-AZ-4681-01	2
TCGA-46-6025-01	0
TCGA-B0-4848-01	4
TCGA-A8-A07P-01	1
TCGA-75-6211-01	0
TCGA-E9-A245-01	1
TCGA-AA-3968-01	7
TCGA-BH-A1F5-01	1
TCGA-AG-3893-01	7
TCGA-BG-A0MO-01	2
TCGA-43-2581-01	0
TCGA-CR-7377-01	0
TCGA-AJ-A2QN-01	2
TCGA-34-2596-01	0
TCGA-29-1761-01	6
TCGA-DK-A3IT-01	0
TCGA-AB-2819-03	3
TCGA-BB-7861-01	0
TCGA-B2-4098-01	4
TCGA-A3-3349-01	4
TCGA-AX-A2HG-01	2
TCGA-A2-A0CW-01	1
TCGA-D1-A1O8-01	2
TCGA-24-1842-01	6
TCGA-AA-3509-01	7
TCGA-BH-A0C7-01	1
TCGA-77-7337-01	0
TCGA-50-6595-01	0
TCGA-BP-4981-01	4
TCGA-B8-4151-01	4
TCGA-55-6543-01	0
TCGA-AB-2860-03	3
TCGA-04-1364-01	6
TCGA-AK-3428-01	4
TCGA-66-2765-01	0
TCGA-CR-7373-01	0
TCGA-B6-A0IH-01	1
TCGA-AB-2849-03	3
TCGA-05-4417-01	0
TCGA-C8-A12W-01	1
TCGA-D8-A13Z-01	1
TCGA-D8-A27K-01	1
TCGA-BA-5152-01	0
TCGA-AB-2909-03	3
TCGA-A8-A08F-01	1
TCGA-31-1944-01	6
TCGA-BB-7872-01	0
TCGA-AJ-A23M-01	2
TCGA-AA-3973-01	7
TCGA-AR-A24P-01	1
TCGA-AB-2891-03	3
TCGA-AR-A1AV-01	1
TCGA-BA-5556-01	0
TCGA-EW-A1PB-01	0
TCGA-AG-3599-01	7
TCGA-22-0944-01	0
TCGA-BH-A0E9-01	1
TCGA-E2-A108-01	0
TCGA-AB-2888-03	3
TCGA-A1-A0SE-01	1
TCGA-60-2713-01	0
TCGA-B0-4834-01	4
TCGA-14-0781-01	5
TCGA-AB-2971-03	3
TCGA-BP-4340-01	4
TCGA-FD-A3B6-01	0
TCGA-38-4629-01	0
TCGA-E9-A1NH-01	1
TCGA-A5-A0G9-01	2
TCGA-CV-6954-01	0
TCGA-BT-A20V-01	0
TCGA-A8-A091-01	1
TCGA-A8-A06Q-01	1
TCGA-A1-A0SK-01	0
TCGA-CZ-4863-01	4
TCGA-EW-A2FW-01	1
TCGA-J2-8194-01	0
TCGA-E9-A1R0-01	1
TCGA-CN-4730-01	0
TCGA-31-1951-01	6
TCGA-GM-A2DK-01	1
TCGA-24-1552-01	6
TCGA-AR-A255-01	1
TCGA-CJ-4902-01	4
TCGA-CN-6998-01	0
TCGA-AP-A1DO-01	2
TCGA-55-6975-01	0
TCGA-AG-A026-01	7
TCGA-25-1326-01	6
TCGA-AN-A0XL-01	1
TCGA-A7-A3IY-01	1
TCGA-CN-5366-01	0
TCGA-44-6777-01	0
TCGA-E9-A1ND-01	0
TCGA-AN-A03X-01	1
TCGA-E5-A2PC-01	0
TCGA-AA-3814-01	7
TCGA-B6-A0RO-01	1
TCGA-CX-7085-01	0
TCGA-E9-A1NA-01	1
TCGA-CQ-6220-01	0
TCGA-AO-A0J8-01	1
TCGA-A8-A08R-01	0
TCGA-BH-A0DZ-01	1
TCGA-B0-5117-01	4
TCGA-E9-A1N5-01	1
TCGA-23-2084-01	6
TCGA-AG-3882-01	2
TCGA-CN-5355-01	0
TCGA-24-1556-01	6
TCGA-D1-A101-01	2
TCGA-61-1910-01	6
TCGA-E2-A15D-01	1
TCGA-GV-A3JW-01	0
TCGA-D6-6825-01	0
TCGA-AB-3006-03	3
TCGA-43-2578-01	0
TCGA-AB-2990-03	3
TCGA-A2-A0YC-01	1
TCGA-GM-A2DC-01	1
TCGA-AX-A2HK-01	2
TCGA-CV-6933-01	0
TCGA-61-1724-01	6
TCGA-B0-4694-01	4
TCGA-B6-A0IB-01	1
TCGA-63-6202-01	0
TCGA-46-3767-01	0
TCGA-14-1034-01	5
TCGA-D6-6823-01	0
TCGA-E2-A1IH-01	1
TCGA-27-2526-01	5
TCGA-B0-5095-01	4
TCGA-BP-4167-01	4
TCGA-AA-3561-01	7
TCGA-AG-3601-01	7
TCGA-CQ-6218-01	0
TCGA-EW-A1P7-01	0
TCGA-BH-A18R-01	1
TCGA-A7-A3IZ-01	1
TCGA-AN-A04C-01	1
TCGA-A2-A04W-01	1
TCGA-AB-2932-03	3
TCGA-55-8208-01	0
TCGA-D1-A17T-01	2
TCGA-A8-A095-01	1
TCGA-D8-A143-01	0
TCGA-12-3653-01	5
TCGA-EO-A22T-01	2
TCGA-AB-2877-03	3
TCGA-AB-2854-03	3
TCGA-B5-A1MU-01	2
TCGA-A2-A0D2-01	0
TCGA-CN-4737-01	0
TCGA-60-2708-01	0
TCGA-BP-4344-01	4
TCGA-A2-A1G0-01	1
TCGA-AR-A24H-01	1
TCGA-CW-5584-01	4
TCGA-29-1688-01	6
TCGA-BH-A0DG-01	1
TCGA-E2-A1IO-01	1
TCGA-06-5856-01	5
TCGA-86-8281-01	0
TCGA-06-5414-01	5
TCGA-A2-A0YT-01	1
TCGA-AR-A1AL-01	1
TCGA-A3-3365-01	4
TCGA-91-6847-01	0
TCGA-A8-A099-01	1
TCGA-BT-A0YX-01	0
TCGA-75-6206-01	0
TCGA-36-1571-01	6
TCGA-AB-2858-03	3
TCGA-CV-7407-01	0
TCGA-CF-A1HS-01	0
TCGA-14-0789-01	5
TCGA-55-6971-01	0
TCGA-05-4410-01	0
TCGA-AP-A05O-01	2
TCGA-AR-A0TY-01	1
TCGA-26-5133-01	5
TCGA-25-1319-01	6
TCGA-22-4593-01	0
TCGA-A2-A0SW-01	1
TCGA-20-1683-01	6
TCGA-66-2790-01	0
TCGA-BH-A0WA-01	0
TCGA-55-6642-01	0
TCGA-AA-A01I-01	7
TCGA-34-5240-01	0
TCGA-AA-3543-01	7
TCGA-63-7020-01	0
TCGA-BH-A0DO-01	1
TCGA-AA-3556-01	7
TCGA-B0-4836-01	4
TCGA-36-1575-01	6
TCGA-55-8087-01	0
TCGA-DK-A1AC-01	0
TCGA-A8-A09N-01	1
TCGA-CV-7245-01	0
TCGA-EU-5904-01	4
TCGA-55-8207-01	0
TCGA-AB-3002-03	3
TCGA-AB-2807-03	3
TCGA-86-6562-01	0
TCGA-05-4425-01	0
TCGA-E2-A15A-06	1
TCGA-BP-4781-01	4
TCGA-E2-A15A-01	1
TCGA-B5-A11H-01	2
TCGA-BG-A0M4-01	2
TCGA-06-2562-01	5
TCGA-E2-A1IU-01	1
TCGA-A5-A0GW-01	2
TCGA-33-6737-01	0
TCGA-BP-5007-01	4
TCGA-E9-A2JT-01	4
TCGA-A3-3374-01	4
TCGA-IQ-7631-01	2
TCGA-BH-A1EO-01	0
TCGA-38-4627-01	0
TCGA-AB-2815-03	3
TCGA-BH-A0HQ-01	1
TCGA-E2-A3DX-01	1
TCGA-AA-3947-01	1
TCGA-A8-A09R-01	1
TCGA-55-8203-01	0
TCGA-CM-4750-01	7
TCGA-55-6968-01	0
TCGA-CV-7416-01	0
TCGA-BH-A0HW-01	1
TCGA-BP-4798-01	4
TCGA-BP-5174-01	4
TCGA-CJ-4891-01	4
TCGA-44-2668-01	0
TCGA-13-1506-01	6
TCGA-BH-A0BP-01	1
TCGA-CR-6491-01	0
TCGA-B0-4841-01	4
TCGA-C8-A131-01	1
TCGA-66-2783-01	0
TCGA-CQ-5334-01	0
TCGA-BG-A0MC-01	2
TCGA-29-1691-01	6
TCGA-CJ-4888-01	4
TCGA-AA-A024-01	7
TCGA-E2-A1L6-01	1
TCGA-A2-A0EO-01	1
TCGA-25-1634-01	6
TCGA-D8-A27G-01	1
TCGA-B0-5083-01	4
TCGA-B0-5699-01	4
TCGA-B6-A0I2-01	0
TCGA-CV-5443-01	0
TCGA-BK-A0CA-01	2
TCGA-CJ-4634-01	4
TCGA-CW-5581-01	4
TCGA-A5-A0GH-01	2
TCGA-EY-A1GT-01	2
TCGA-37-5819-01	0
TCGA-E2-A1IF-01	1
TCGA-AB-2901-03	3
TCGA-AR-A24Z-01	1
TCGA-AC-A2FO-01	1
TCGA-B0-5712-01	4
TCGA-AX-A06D-01	2
TCGA-13-0920-01	6
TCGA-AA-3980-01	7
TCGA-CQ-6229-01	0
TCGA-AR-A1AK-01	1
TCGA-67-3770-01	0
TCGA-BS-A0TG-01	2
TCGA-AB-2845-03	3
TCGA-CV-7090-01	0
TCGA-AA-A02W-01	7
TCGA-CR-6484-01	0
TCGA-A2-A0T5-01	1
TCGA-BP-4801-01	4
TCGA-AO-A0JG-01	1
TCGA-D8-A1XC-01	1
TCGA-BT-A20R-01	0
TCGA-CN-6018-01	0
TCGA-06-5410-01	5
TCGA-D1-A175-01	2
TCGA-AN-A0G0-01	0
TCGA-GV-A3JX-01	0
TCGA-AB-3009-03	3
TCGA-50-6592-01	0
TCGA-22-0940-01	0
TCGA-69-8254-01	0
TCGA-A8-A084-01	1
TCGA-13-1489-02	6
TCGA-CR-7368-01	0
TCGA-AB-2841-03	3
TCGA-E2-A15M-01	0
TCGA-CN-6994-01	0
TCGA-AK-3454-01	4
TCGA-CJ-4882-01	4
TCGA-B6-A0I5-01	1
TCGA-BG-A2AE-01	2
TCGA-BH-A0RX-01	0
TCGA-AB-2896-03	3
TCGA-29-1702-01	6
TCGA-B0-4818-01	4
TCGA-CN-4742-01	0
TCGA-AR-A24M-01	1
TCGA-AA-3984-01	7
TCGA-BP-4774-01	4
TCGA-BH-A1FJ-01	1
TCGA-BH-A0DV-01	1
TCGA-CW-6093-01	4
TCGA-D1-A1O0-01	2
TCGA-44-7670-01	0
TCGA-AK-3456-01	4
TCGA-EW-A1PE-01	1
TCGA-24-1544-01	6
TCGA-CA-5256-01	7
TCGA-BH-A0E0-01	0
TCGA-69-7979-01	0
TCGA-D1-A167-01	2
TCGA-E2-A1II-01	0
TCGA-D8-A1Y3-01	0
TCGA-CR-7392-01	0
TCGA-CV-7100-01	0
TCGA-A6-2682-01	7
TCGA-60-2714-01	0
TCGA-CV-7421-01	0
TCGA-AA-3548-01	7
TCGA-AX-A05S-01	2
TCGA-B6-A0IP-01	1
TCGA-18-5592-01	0
TCGA-A5-A0GR-01	2
TCGA-92-7341-01	0
TCGA-A8-A0A2-01	1
TCGA-CV-7255-01	0
TCGA-26-5139-01	5
TCGA-BP-4163-01	4
TCGA-09-2044-01	6
TCGA-BH-A0HI-01	1
TCGA-AA-3952-01	7
TCGA-AR-A252-01	0
TCGA-AP-A0LG-01	2
TCGA-BG-A220-01	2
TCGA-GM-A2DO-01	4
TCGA-93-7347-01	0
TCGA-BP-4790-01	4
TCGA-60-2721-01	0
TCGA-CJ-4638-01	4
TCGA-AR-A0U2-01	1
TCGA-BP-4170-01	4
TCGA-B8-4148-01	4
TCGA-97-8177-01	0
TCGA-A2-A0T1-01	1
TCGA-AA-3692-01	7
TCGA-24-2026-01	6
TCGA-A2-A0CS-01	1
TCGA-28-2513-01	5
TCGA-CX-7082-01	0
TCGA-BT-A20N-01	0
TCGA-AA-A01R-01	2
TCGA-D1-A0ZN-01	2
TCGA-B0-4821-01	4
TCGA-B6-A1KC-01	1
TCGA-A2-A1G4-01	1
TCGA-E2-A105-01	1
TCGA-AR-A24L-01	1
TCGA-55-7573-01	0
TCGA-43-3920-01	0
TCGA-BH-A1ET-01	1
TCGA-BH-A0EI-01	1
TCGA-D1-A168-01	2
TCGA-24-1436-01	6
TCGA-78-7160-01	0
TCGA-A2-A1FV-01	1
TCGA-B8-4619-01	4
TCGA-AB-3005-03	3
TCGA-D1-A17F-01	2
TCGA-G2-A2EF-01	0
TCGA-CQ-5330-01	0
TCGA-AP-A1E1-01	2
TCGA-AA-A01Z-01	7
TCGA-09-1667-01	6
TCGA-BP-4989-01	4
TCGA-55-8092-01	0
TCGA-CR-7383-01	0
TCGA-AK-3427-01	4
TCGA-97-7938-01	0
TCGA-E2-A15J-01	1
TCGA-24-1603-01	6
TCGA-CV-6951-01	0
TCGA-BP-5187-01	4
TCGA-AP-A0LP-01	2
TCGA-21-1083-01	0
TCGA-BS-A0V6-01	2
TCGA-AN-A0XR-01	1
TCGA-29-1776-01	6
TCGA-BH-A203-01	1
TCGA-C4-A0F6-01	0
TCGA-BP-4971-01	4
TCGA-61-1736-01	6
TCGA-CW-6097-01	4
TCGA-BH-A18V-01	0
TCGA-BH-A18V-06	0
TCGA-A2-A0EV-01	1
TCGA-D8-A1JT-01	1
TCGA-A2-A04P-01	0
TCGA-AB-2935-03	3
TCGA-66-2755-01	0
TCGA-18-4083-01	0
TCGA-56-7222-01	0
TCGA-B6-A0WY-01	1
TCGA-BL-A0C8-01	0
TCGA-BP-4351-01	4
TCGA-E9-A1R4-01	1
TCGA-CV-7104-01	0
TCGA-EO-A22S-01	2
TCGA-AB-2870-03	3
TCGA-02-2486-01	5
TCGA-16-0846-01	5
TCGA-A6-2685-01	7
TCGA-AX-A0J1-01	2
TCGA-AB-2839-03	3
TCGA-BH-A0GY-01	1
TCGA-BP-4756-01	4
TCGA-E9-A1R6-01	1
TCGA-22-5482-01	0
TCGA-55-7281-01	0
TCGA-D8-A145-01	1
TCGA-A3-3324-01	4
TCGA-AN-A04D-01	0
TCGA-66-2800-01	0
TCGA-44-7661-01	0
TCGA-CN-6013-01	0
TCGA-77-8008-01	0
TCGA-C8-A27B-01	0
TCGA-76-4929-01	5
TCGA-A7-A13E-01	0
TCGA-24-1413-01	6
TCGA-AB-2981-03	3
TCGA-AN-A0AS-01	1
TCGA-C8-A12X-01	1
TCGA-A2-A25B-01	1
TCGA-AG-3890-01	7
TCGA-CW-5590-01	4
TCGA-39-5016-01	0
TCGA-B8-5545-01	4
TCGA-49-6767-01	0
TCGA-D8-A1XL-01	1
TCGA-49-6743-01	0
TCGA-AG-A002-01	7
TCGA-BA-4078-01	0
TCGA-A8-A06R-01	1
TCGA-37-3792-01	0
TCGA-BA-6871-01	0
TCGA-BK-A139-01	2
TCGA-E2-A1LS-01	4
TCGA-BH-A18U-01	1
TCGA-CN-6017-01	0
TCGA-57-1583-01	6
TCGA-BH-A0C0-01	1
TCGA-AO-A1KP-01	1
TCGA-AA-3531-01	2
TCGA-BG-A0W2-01	2
TCGA-B6-A0X7-01	1
TCGA-44-8119-01	0
TCGA-69-8253-01	0
TCGA-A8-A09I-01	1
TCGA-CJ-4895-01	4
TCGA-A3-3373-01	4
TCGA-B2-3924-01	4
TCGA-CV-7411-01	0
TCGA-E9-A22D-01	1
TCGA-C8-A12P-01	1
TCGA-AG-3605-01	7
TCGA-06-0645-01	5
TCGA-AA-A00E-01	7
TCGA-AB-2884-03	3
TCGA-A1-A0SF-01	1
TCGA-B0-5110-01	4
TCGA-BG-A0YU-01	2
TCGA-A2-A0CX-01	1
TCGA-A8-A07S-01	1
TCGA-E9-A1RC-01	1
TCGA-66-2788-01	0
TCGA-AG-3885-01	2
TCGA-55-1595-01	0
TCGA-BP-4986-01	4
TCGA-CR-6477-01	0
TCGA-BH-A1FM-01	1
TCGA-AB-2998-03	3
TCGA-24-2288-01	6
TCGA-DK-A3IL-01	0
TCGA-77-6842-01	0
TCGA-CV-7423-01	0
TCGA-D8-A27L-01	1
TCGA-05-4426-01	0
TCGA-AR-A0U3-01	1
TCGA-D1-A160-01	2
TCGA-CV-7415-01	0
TCGA-D8-A1XU-01	1
TCGA-B2-5633-01	4
TCGA-78-7159-01	0
TCGA-AX-A06H-01	2
TCGA-22-5491-01	0
TCGA-BH-A0BW-01	0
TCGA-06-0130-01	5
TCGA-CJ-4637-01	4
TCGA-27-2521-01	5
TCGA-BP-4982-01	4
TCGA-A8-A09V-01	1
TCGA-A3-3351-01	4
TCGA-64-5815-01	0
TCGA-E9-A1NG-01	1
TCGA-69-7761-01	0
TCGA-61-2008-01	6
TCGA-61-2008-02	6
TCGA-B0-5088-01	4
TCGA-B8-5162-01	4
TCGA-55-8299-01	0
TCGA-A1-A0SM-01	1
TCGA-C8-A12O-01	1
TCGA-EY-A1GH-01	2
TCGA-D1-A0ZU-01	2
TCGA-AB-2824-03	3
TCGA-FD-A3B4-01	0
TCGA-AA-3841-01	2
TCGA-33-4532-01	0
TCGA-13-1505-01	6
TCGA-70-6722-01	0
TCGA-06-0178-01	5
TCGA-BP-4325-01	4
TCGA-AB-2928-03	3
TCGA-06-0750-01	5
TCGA-CQ-5326-01	0
TCGA-24-1417-01	6
TCGA-BA-4074-01	0
TCGA-60-2710-01	0
TCGA-BH-A1EN-01	1
TCGA-AB-2986-03	3
TCGA-AB-2866-03	3
TCGA-73-4659-01	0
TCGA-BP-4347-01	4
TCGA-A5-A0GD-01	2
TCGA-21-1070-01	0
TCGA-33-6738-01	0
TCGA-CJ-4905-01	4
TCGA-AO-A0JI-01	1
TCGA-28-5218-01	0
TCGA-AQ-A04H-01	1
TCGA-BT-A20Q-01	0
TCGA-D8-A1XG-01	1
TCGA-AA-A00R-01	7
TCGA-B6-A0RS-01	1
TCGA-55-8301-01	0
TCGA-06-0174-01	5
TCGA-AB-2924-03	3
TCGA-CV-6938-01	0
TCGA-EW-A1OX-01	1
TCGA-BP-5199-01	4
TCGA-CQ-6227-01	0
TCGA-55-7911-01	0
TCGA-AB-2978-03	3
TCGA-AG-A01Y-01	7
TCGA-CV-5434-01	0
TCGA-20-1684-01	6
TCGA-97-7937-01	0
TCGA-CJ-4901-01	4
TCGA-B0-5121-01	4
TCGA-CJ-4635-01	4
TCGA-05-4402-01	0
TCGA-CJ-4887-01	4
TCGA-CX-7086-01	0
TCGA-AA-A00N-01	7
TCGA-AA-3842-01	7
TCGA-B6-A1KN-01	1
TCGA-BH-A18I-01	1
TCGA-D1-A1O7-01	2
TCGA-61-1995-01	6
TCGA-AO-A0JC-01	4
TCGA-A8-A083-01	1
TCGA-AG-3881-01	2
TCGA-CQ-6223-01	0
TCGA-A8-A0A9-01	1
TCGA-AA-3860-01	7
TCGA-CW-6090-01	4
TCGA-39-5019-01	0
TCGA-DF-A2KS-01	2
TCGA-CJ-5680-01	4
TCGA-D8-A140-01	1
TCGA-AX-A2H2-01	2
TCGA-BB-4224-01	0
TCGA-B0-4697-01	4
TCGA-44-2656-01	0
TCGA-CJ-5676-01	4
TCGA-CJ-6030-01	4
TCGA-BH-A1FB-01	1
TCGA-BP-4994-01	4
TCGA-AX-A062-01	2
TCGA-06-5417-01	5
TCGA-60-2703-01	0
TCGA-BP-4759-01	4
TCGA-25-1625-01	6
TCGA-DI-A1BY-01	2
TCGA-75-7025-01	0
TCGA-BA-5555-01	0
TCGA-69-7765-01	0
TCGA-CU-A0YR-01	0
TCGA-CZ-5465-01	4
TCGA-BP-4338-01	4
TCGA-A1-A0SI-01	1
TCGA-AB-2853-03	3
TCGA-E9-A1RH-01	1
TCGA-CR-6488-01	0
TCGA-B5-A11G-01	2
TCGA-A6-3807-01	7
TCGA-CN-4734-01	0
TCGA-26-5134-01	5
TCGA-55-6972-01	0
TCGA-AX-A0IS-01	2
TCGA-B6-A0X0-01	1
TCGA-A2-A04T-01	0
TCGA-AB-2931-03	3
TCGA-BP-4176-01	4
TCGA-09-1670-01	6
TCGA-B0-4817-01	4
TCGA-AB-2874-03	3
TCGA-AA-3850-01	7
TCGA-BP-4334-01	4
TCGA-E2-A14R-01	0
TCGA-B0-5696-01	4
TCGA-AN-A0XW-01	1
TCGA-CJ-4918-01	4
TCGA-BH-A0AW-01	1
TCGA-CN-5356-01	0
TCGA-60-2722-01	0
TCGA-A8-A07J-01	1
TCGA-E9-A229-01	1
TCGA-AQ-A04L-01	1
TCGA-BH-A1ES-01	1
TCGA-D6-6826-01	0
TCGA-09-2056-01	6
TCGA-A2-A0SX-01	0
TCGA-AB-2993-03	3
TCGA-53-7626-01	0
TCGA-GC-A3RC-01	0
TCGA-AB-2939-03	3
TCGA-25-2399-01	6
TCGA-A3-3347-01	4
TCGA-B6-A0IC-01	1
TCGA-AB-2842-03	3
TCGA-BH-A0DD-01	1
TCGA-44-6147-01	0
TCGA-AP-A05P-01	2
TCGA-CV-7097-01	0
TCGA-E2-A14N-01	0
TCGA-55-7724-01	1
TCGA-CJ-4872-01	4
TCGA-85-7844-01	0
TCGA-AB-2899-03	3
TCGA-13-1403-01	6
TCGA-78-7633-01	0
TCGA-AB-2808-03	3
TCGA-A8-A06Z-01	1
TCGA-AN-A049-01	1
TCGA-BP-4329-01	4
TCGA-BH-A18M-01	1
TCGA-BP-4976-01	4
TCGA-44-6776-01	0
TCGA-CR-7379-01	0
TCGA-A8-A092-01	1
TCGA-D8-A1XO-01	1
TCGA-CQ-7067-01	0
TCGA-D8-A1XS-01	1
TCGA-AA-3502-01	7
TCGA-GM-A2DH-01	1
TCGA-A6-3809-01	7
TCGA-A8-A09M-01	1
TCGA-B2-3923-01	4
TCGA-55-8204-01	0
TCGA-86-7711-01	0
TCGA-55-7728-01	4
TCGA-AB-2857-03	3
TCGA-AB-2980-03	3
TCGA-BB-7862-01	0
TCGA-AA-A00A-01	7
TCGA-CV-7091-01	0
TCGA-A1-A0SB-01	4
TCGA-06-1804-01	5
TCGA-BG-A0M7-01	2
TCGA-A3-3376-01	4
TCGA-25-2392-01	6
TCGA-B5-A11P-01	2
TCGA-BH-A0GZ-01	1
TCGA-BP-5196-01	4
TCGA-50-5044-01	0
TCGA-BH-A18Q-01	0
TCGA-49-4510-01	0
TCGA-09-0366-01	6
TCGA-BH-A2L8-01	1
TCGA-A7-A26F-01	0
TCGA-AO-A12B-01	1
TCGA-B0-4714-01	4
TCGA-BS-A0UJ-01	2
TCGA-CR-5243-01	0
TCGA-A3-3362-01	4
TCGA-CZ-5461-01	4
TCGA-59-2348-01	6
TCGA-CZ-5457-01	4
TCGA-05-4384-01	0
TCGA-33-4582-01	0
TCGA-HD-7832-01	0
TCGA-CV-7434-01	0
TCGA-A8-A08I-01	1
TCGA-BH-A0HP-01	1
TCGA-A3-3328-01	4
TCGA-25-1328-01	4
TCGA-CV-7089-01	0
TCGA-BH-A0BS-01	1
TCGA-A8-A06Y-01	1
TCGA-GI-A2C8-01	1
TCGA-28-2514-01	5
TCGA-13-0893-01	6
TCGA-06-5859-01	5
TCGA-BH-A0HA-01	1
TCGA-CR-6472-01	0
TCGA-BS-A0T9-01	2
TCGA-B0-4718-01	4
TCGA-AA-3544-01	7
TCGA-86-7714-01	0
TCGA-B8-5552-01	4
TCGA-BP-4330-01	4
TCGA-05-4422-01	0
TCGA-B0-5120-01	4
TCGA-BT-A20J-01	0
TCGA-49-4487-01	0
TCGA-B6-A0IG-01	1
TCGA-IQ-7632-01	0
TCGA-AB-2846-03	3
TCGA-78-7147-01	0
TCGA-B5-A0JX-01	2
TCGA-BT-A3PH-01	0
TCGA-AK-3443-01	4
TCGA-AO-A12F-01	0
TCGA-55-6979-01	0
TCGA-61-2092-01	2
TCGA-18-4721-01	0
TCGA-28-2510-01	5
TCGA-DK-A3WY-01	4
TCGA-EW-A1P6-01	1
TCGA-41-5651-01	5
TCGA-BH-A18F-01	1
TCGA-E2-A14X-01	0
TCGA-B5-A11O-01	2
TCGA-AK-3451-01	4
TCGA-35-3615-01	0
TCGA-CV-7238-01	0
TCGA-CJ-4923-01	4
TCGA-29-1783-01	6
TCGA-CR-7399-01	0
TCGA-AB-2880-03	3
TCGA-CZ-5987-01	4
TCGA-06-0210-01	5
TCGA-D1-A17N-01	2
TCGA-AC-A2FF-01	1
TCGA-A6-2681-01	2
TCGA-BB-7871-01	0
TCGA-44-2659-01	0
TCGA-BH-A18J-01	1
TCGA-CZ-4864-01	4
TCGA-CV-6436-01	0
TCGA-AK-3460-01	4
TCGA-BP-4159-01	4
TCGA-AK-3455-01	4
TCGA-CV-7103-01	0
TCGA-55-7227-01	0
TCGA-CN-4741-01	0
TCGA-85-6561-01	0
TCGA-77-6845-01	0
TCGA-61-1741-01	6
TCGA-BT-A20U-01	0
TCGA-A2-A0YJ-01	0
TCGA-25-1633-01	6
TCGA-25-2396-01	6
TCGA-D1-A0ZR-01	2
TCGA-AR-A2LM-01	1
TCGA-AB-2823-03	3
TCGA-CJ-5672-01	4
TCGA-BP-5169-01	4
TCGA-D1-A16N-01	2
TCGA-A8-A06N-01	1
TCGA-49-4501-01	0
TCGA-49-6742-01	0
TCGA-57-1582-01	6
TCGA-78-7156-01	0
TCGA-38-4630-01	2
TCGA-61-2012-01	6
TCGA-BP-4164-01	4
TCGA-A3-3359-01	4
TCGA-24-1549-01	6
TCGA-AA-A017-01	7
TCGA-AB-2862-03	3
TCGA-44-6779-01	0
TCGA-AB-2836-03	3
TCGA-AR-A0TW-01	1
TCGA-B6-A0I1-01	0
TCGA-CR-6487-01	0
TCGA-30-1718-01	6
TCGA-A5-A0GG-01	2
TCGA-D8-A1XD-01	1
TCGA-AA-A00U-01	7
TCGA-CJ-4874-01	4
TCGA-56-7822-01	0
TCGA-13-0799-01	6
TCGA-75-7030-01	0
TCGA-75-5146-01	0
TCGA-C8-A1HJ-01	0
TCGA-BH-A0W5-01	1
TCGA-BH-A0DK-01	1
TCGA-BP-4160-01	4
TCGA-AA-3870-01	7
TCGA-CN-4738-01	0
TCGA-AA-3518-01	7
TCGA-AC-A2B8-01	1
TCGA-B5-A0JS-01	2
TCGA-AX-A0IW-01	2
TCGA-64-5779-01	0
TCGA-14-1825-01	5
TCGA-A2-A0T6-01	1
TCGA-DQ-5625-01	0
TCGA-61-1725-01	6
TCGA-67-4679-01	0
TCGA-23-1026-01	6
TCGA-BP-4761-01	4
TCGA-AP-A05D-01	2
TCGA-BH-A0BG-01	0
TCGA-BG-A0YV-01	2
TCGA-BP-4964-01	4
TCGA-AQ-A1H2-01	1
TCGA-A3-3335-01	4
TCGA-B0-4706-01	4
TCGA-BH-A1EW-01	1
TCGA-AR-A24O-01	1
TCGA-BH-A0HY-01	1
TCGA-AA-A00J-01	7
TCGA-AG-A02N-01	7
TCGA-G2-A2ES-01	0
TCGA-06-0646-01	5
TCGA-A8-A097-01	1
TCGA-24-1418-01	6
TCGA-44-3396-01	0
TCGA-A2-A0EU-01	1
TCGA-32-2634-01	5
TCGA-BH-A1FE-01	0
TCGA-BH-A1FE-06	4
TCGA-55-8091-01	0
TCGA-A3-3323-01	4
TCGA-B5-A0KB-01	2
TCGA-AA-A01T-01	2
TCGA-CV-7178-01	0
TCGA-AX-A1CK-01	2
TCGA-60-2726-01	0
TCGA-CR-7388-01	0
TCGA-24-2261-01	6
TCGA-AB-2982-03	3
TCGA-AN-A0AT-01	0
TCGA-BT-A3PK-01	0
TCGA-13-0800-01	6
TCGA-BP-4972-01	4
TCGA-A7-A3J1-01	1
TCGA-AP-A0LS-01	2
TCGA-AB-2941-03	3
TCGA-25-2391-01	6
TCGA-86-8073-01	0
TCGA-A2-A0EQ-01	1
TCGA-D8-A1XW-01	0
TCGA-AN-A0FL-01	0
TCGA-BP-5004-01	4
TCGA-66-2756-01	0
TCGA-91-6828-01	0
TCGA-GM-A2DL-01	1
TCGA-AB-2873-03	3
TCGA-55-6983-01	0
TCGA-61-1998-01	6
TCGA-23-1029-01	6
TCGA-B0-4813-01	4
TCGA-BP-5200-01	4
TCGA-D6-6824-01	0
TCGA-DK-A1A6-01	0
TCGA-44-7672-01	0
TCGA-91-6836-01	0
TCGA-AB-2832-03	3
TCGA-AC-A2BK-01	0
TCGA-A3-3385-01	4
TCGA-E2-A1B4-01	1
TCGA-38-7271-01	0
TCGA-A6-2674-01	7
TCGA-CV-7242-01	0
TCGA-A8-A0A4-01	1
TCGA-CN-6010-01	0
TCGA-34-5239-01	0
TCGA-34-5929-01	0
TCGA-D1-A16B-01	2
TCGA-K4-A3WV-01	0
TCGA-05-4396-01	0
TCGA-E9-A1N8-01	0
TCGA-CJ-4641-01	4
TCGA-AN-A0FD-01	1
TCGA-AB-2994-03	3
TCGA-AN-A0AK-01	1
TCGA-AA-3864-01	7
TCGA-18-3410-01	0
TCGA-AA-3488-01	2
TCGA-AA-3955-01	7
TCGA-D8-A1JS-01	1
TCGA-A3-3343-01	4
TCGA-BP-5184-01	4
TCGA-B8-5158-01	4
TCGA-BP-5191-01	4
TCGA-CJ-4639-01	4
TCGA-78-7152-01	0
TCGA-EY-A1GD-01	2
TCGA-BH-A1FR-01	1
TCGA-BG-A0W1-01	2
TCGA-AA-3525-01	7
TCGA-B6-A0IK-01	1
TCGA-BP-5177-01	4
TCGA-CN-6992-01	0
TCGA-97-7552-01	0
TCGA-B0-4810-01	4
TCGA-AG-3728-01	2
TCGA-05-5429-01	0
TCGA-AA-A00F-01	7
TCGA-DK-A3X2-01	0
TCGA-E2-A15E-06	1
TCGA-BP-5183-01	4
TCGA-73-4658-01	0
TCGA-A8-A08B-01	1
TCGA-06-0211-02	5
TCGA-BG-A187-01	2
TCGA-AZ-4313-01	2
TCGA-BP-5195-01	4
TCGA-AR-A1AX-01	1
TCGA-35-5375-01	0
TCGA-AG-A014-01	7
TCGA-AB-2817-03	3
TCGA-F7-7848-01	0
TCGA-CV-6961-01	0
TCGA-44-7662-01	0
TCGA-D8-A1XK-01	0
TCGA-BP-4973-01	4
TCGA-A3-3352-01	4
TCGA-CU-A0YN-01	0
TCGA-50-5068-01	0
TCGA-37-3783-01	0
TCGA-AC-A2FB-01	1
TCGA-AP-A0LI-01	2
TCGA-AG-A00Y-01	7
TCGA-AK-3436-01	4
TCGA-C8-A12L-01	0
TCGA-38-4626-01	0
TCGA-BH-A0BT-01	1
TCGA-CV-7430-01	0
TCGA-21-1077-01	0
TCGA-D6-6517-01	0
TCGA-78-7539-01	0
TCGA-AR-A0U0-01	0
TCGA-BA-6872-01	0
TCGA-49-4514-01	0
TCGA-55-6987-01	0
TCGA-EO-A1Y8-01	2
TCGA-CQ-5325-01	0
TCGA-D8-A27E-01	1
TCGA-BH-A0C3-01	1
TCGA-A5-A0R9-01	2
TCGA-67-3771-01	0
TCGA-86-7713-01	0
TCGA-FD-A3SP-01	0
TCGA-D1-A0ZV-01	2
TCGA-61-1728-01	6
TCGA-GD-A3OP-01	0
TCGA-B0-5077-01	4
TCGA-CR-6467-01	0
TCGA-86-8054-01	0
TCGA-27-1831-01	5
TCGA-AG-3901-01	7
TCGA-B5-A0K8-01	2
TCGA-AK-3445-01	4
TCGA-37-4135-01	0
TCGA-A3-3329-01	4
TCGA-AP-A054-01	0
TCGA-AA-3821-01	7
TCGA-13-0924-01	6
TCGA-43-7656-01	0
TCGA-B0-5113-01	4
TCGA-AA-3930-01	7
TCGA-AB-2920-03	3
TCGA-DV-5566-01	4
TCGA-EW-A1P5-01	1
TCGA-E9-A1RD-01	1
TCGA-AA-3532-01	7
TCGA-AZ-4308-01	2
TCGA-FD-A3SL-01	0
TCGA-AP-A05H-01	2
TCGA-BH-A1FN-01	1
TCGA-D1-A163-01	2
TCGA-AA-3971-01	7
TCGA-AA-A00Q-01	7
TCGA-23-1109-01	6
TCGA-CN-4726-01	0
TCGA-CU-A3YL-01	0
TCGA-97-8179-01	0
TCGA-AA-3555-01	7
TCGA-05-4430-01	0
TCGA-06-0141-01	5
TCGA-AS-3777-01	4
TCGA-DQ-7596-01	0
TCGA-55-1596-01	0
TCGA-E9-A1N3-01	1
TCGA-55-8096-01	0
TCGA-22-4599-01	0
TCGA-D1-A16I-01	2
TCGA-A8-A08T-01	1
TCGA-12-0821-01	5
TCGA-B4-5836-01	4
TCGA-66-2766-01	0
TCGA-AB-2865-03	3
TCGA-18-3412-01	0
TCGA-86-6851-01	0
TCGA-BH-A0BC-01	1
TCGA-AF-2692-01	7
TCGA-B4-5377-01	4
TCGA-12-3650-01	5
TCGA-AA-3867-01	7
TCGA-BP-4960-01	4
TCGA-22-5471-01	0
TCGA-A3-3331-01	4
TCGA-AA-3492-01	7
TCGA-BG-A18A-01	2
TCGA-BH-A201-01	1
TCGA-66-2744-01	0
TCGA-B5-A11X-01	2
TCGA-61-2016-01	6
TCGA-DK-A3IK-01	0
TCGA-CN-4733-01	0
TCGA-05-4405-01	0
TCGA-AB-2861-03	3
TCGA-99-8033-01	0
TCGA-AR-A0TP-01	0
TCGA-AB-2965-03	3
TCGA-AA-3710-01	7
TCGA-06-0125-02	5
TCGA-AG-A036-01	7
TCGA-50-5931-01	0
TCGA-D1-A103-01	2
TCGA-18-3408-01	1
TCGA-A8-A09B-01	1
TCGA-CZ-5462-01	4
TCGA-B5-A0K1-01	2
TCGA-A5-A0R6-01	2
TCGA-DK-A2HX-01	0
TCGA-22-1011-01	0
TCGA-BH-A0B5-01	1
TCGA-76-4925-01	5
TCGA-A2-A0EY-01	1
TCGA-44-7660-01	0
TCGA-20-1687-01	6
TCGA-CV-6945-01	0
TCGA-DK-A2I2-01	0
TCGA-B6-A0RP-01	1
TCGA-44-2655-01	0
TCGA-50-5944-01	0
TCGA-BH-A18N-01	1
TCGA-24-2038-01	4
TCGA-E2-A14Q-01	1
TCGA-AB-2869-03	3
TCGA-B0-4703-01	4
TCGA-BP-4782-01	4
TCGA-BH-A0B1-01	1
TCGA-AN-A0FW-01	1
TCGA-BB-7866-01	0
TCGA-57-1993-01	6
TCGA-50-6673-01	0
TCGA-CJ-4884-01	4
TCGA-B5-A11W-01	2
TCGA-B6-A0RT-01	0
TCGA-A1-A0SN-01	1
TCGA-25-1323-01	6
TCGA-D8-A27R-01	1
TCGA-BK-A0C9-01	2
TCGA-14-1402-02	5
TCGA-DQ-7592-01	0
TCGA-FI-A2CY-01	2
TCGA-22-1002-01	0
TCGA-CR-7372-01	0
TCGA-B5-A1N2-01	2
TCGA-AP-A052-01	2
TCGA-19-4065-02	5
TCGA-19-4065-01	5
TCGA-25-2400-01	6
TCGA-55-7727-01	1
TCGA-21-5786-01	0
TCGA-AO-A0J9-01	1
TCGA-CZ-5986-01	4
TCGA-67-6216-01	0
TCGA-32-2638-01	5
TCGA-24-2020-01	6
TCGA-59-2351-01	6
TCGA-61-1918-01	6
TCGA-73-4668-01	0
TCGA-CR-5248-01	0
TCGA-B5-A11S-01	2
TCGA-28-5213-01	5
TCGA-D8-A1XT-01	1
TCGA-AO-A0JL-01	0
TCGA-AB-2973-03	3
TCGA-AR-A1AQ-01	0
TCGA-57-1994-01	6
TCGA-D1-A17H-01	2
TCGA-AG-3898-01	7
TCGA-BG-A0MG-01	2
TCGA-25-1313-01	6
TCGA-B0-4713-01	4
TCGA-A8-A094-01	1
TCGA-B8-5546-01	4
TCGA-85-6798-01	0
TCGA-BP-4337-01	4
TCGA-AB-3012-03	3
TCGA-91-6831-01	0
TCGA-CN-4722-01	0
TCGA-59-2355-01	6
TCGA-24-2019-01	6
TCGA-38-4625-01	0
TCGA-CR-6482-01	0
TCGA-AB-2813-03	3
TCGA-A2-A0YG-01	1
TCGA-AP-A1DM-01	2
TCGA-13-0890-01	6
TCGA-D1-A1NZ-01	2
TCGA-BS-A0UM-01	2
TCGA-D1-A16F-01	2
TCGA-B0-4845-01	4
TCGA-B0-4814-01	4
TCGA-AG-3894-01	7
TCGA-E9-A22G-01	0
TCGA-AO-A03U-01	0
TCGA-AA-A03J-01	2
TCGA-D1-A17R-01	2
TCGA-A8-A08P-01	1
TCGA-B0-5695-01	4
TCGA-13-1507-01	6
TCGA-B0-5075-01	4
TCGA-77-7335-01	0
TCGA-A7-A0CE-01	0
TCGA-CN-5367-01	0
TCGA-E9-A226-01	1
TCGA-CJ-4920-01	4
TCGA-DK-A2I6-01	0
TCGA-E2-A1AZ-01	0
TCGA-D8-A1X8-01	1
TCGA-86-8279-01	0
TCGA-E2-A15G-01	1
TCGA-05-5425-01	0
TCGA-CQ-5329-01	0
TCGA-C8-A1HM-01	1
TCGA-36-1581-01	6
TCGA-CR-5250-01	0
TCGA-B0-5100-01	4
TCGA-AN-A0FK-01	1
TCGA-24-1924-01	6
TCGA-CN-6020-01	0
TCGA-24-1557-01	6
TCGA-44-6148-01	0
TCGA-AA-3521-01	7
TCGA-13-0899-01	6
TCGA-AA-3517-01	7
TCGA-B0-5691-01	4
TCGA-61-2000-01	6
TCGA-CV-5430-01	0
TCGA-75-5125-01	0
TCGA-BG-A0VZ-01	2
TCGA-B0-5706-01	4
TCGA-B0-5400-01	4
TCGA-02-2485-01	5
TCGA-25-2404-01	6
TCGA-CV-7437-01	0
TCGA-AR-A0U4-01	0
TCGA-AN-A0XP-01	1
TCGA-AO-A0J5-01	1
TCGA-10-0936-01	6
TCGA-A2-A0EM-01	1
TCGA-44-6775-01	0
TCGA-55-7913-01	0
TCGA-BH-A0H0-01	1
TCGA-AA-3975-01	7
TCGA-12-1597-01	5
TCGA-24-1427-01	6
TCGA-CV-7263-01	0
TCGA-A2-A0YI-01	1
TCGA-39-5037-01	0
TCGA-59-2350-01	6
TCGA-24-1847-01	6
TCGA-75-6205-01	0
TCGA-EY-A1GW-01	2
TCGA-28-1747-01	5
TCGA-12-0616-01	5
TCGA-21-1078-01	0
TCGA-28-2499-01	5
TCGA-B0-5097-01	4
TCGA-B5-A11L-01	2
TCGA-CV-7433-01	0
TCGA-34-2600-01	0
TCGA-E2-A1B0-01	1
TCGA-AB-2977-03	3
TCGA-HN-A2NL-01	0
TCGA-CJ-4873-01	4
TCGA-BP-4326-01	4
TCGA-AA-3949-01	7
TCGA-AO-A12A-01	1
TCGA-BH-A1EX-01	1
TCGA-C8-A26W-01	1
TCGA-AA-3979-01	7
TCGA-06-2563-01	5
TCGA-A2-A0YM-01	0
TCGA-BH-A0DP-01	1
TCGA-GM-A2DF-01	0
TCGA-AR-A2LN-01	1
TCGA-55-6985-01	0
TCGA-CZ-4858-01	4
TCGA-44-3398-01	0
TCGA-AA-3696-01	7
TCGA-CR-6471-01	0
TCGA-G2-A2EO-01	0
TCGA-AB-2944-03	3
TCGA-BS-A0UV-01	2
TCGA-66-2737-01	0
TCGA-AO-A03M-01	1
TCGA-A7-A0CJ-01	1
TCGA-99-7458-01	0
TCGA-B0-4945-01	4
TCGA-B5-A1MX-01	2
TCGA-BP-4992-01	4
TCGA-AR-A0TT-01	1
TCGA-AX-A2H5-01	2
TCGA-13-0801-01	6
TCGA-C8-A130-01	1
TCGA-AY-4070-01	7
TCGA-AB-2969-03	3
TCGA-D8-A1JH-01	1
TCGA-AG-A032-01	7
TCGA-78-7542-01	0
TCGA-61-2088-01	6
TCGA-AA-3552-01	7
TCGA-BS-A0UA-01	2
TCGA-C8-A1HI-01	1
TCGA-22-1016-01	0
TCGA-DV-5565-01	4
TCGA-CN-6024-01	0
TCGA-22-4607-01	0
TCGA-AB-2912-03	3
TCGA-D1-A16R-01	2
TCGA-28-5215-01	5
TCGA-CF-A3MH-01	0
TCGA-15-1444-01	5
TCGA-24-2271-01	6
TCGA-75-5122-01	0
TCGA-C8-A1HF-01	1
TCGA-32-4213-01	5
TCGA-AB-2936-03	3
TCGA-19-2620-01	5
TCGA-EO-A2CG-01	2
TCGA-BP-4999-01	4
TCGA-60-2695-01	0
TCGA-A3-3382-01	4
TCGA-BP-4963-01	4
TCGA-FI-A2EW-01	2
TCGA-15-0742-01	5
TCGA-A8-A07E-01	1
TCGA-05-4418-01	0
TCGA-E2-A1IL-01	1
TCGA-A5-A0GU-01	2
TCGA-02-2483-01	5
TCGA-D8-A1X7-01	1
TCGA-E9-A247-01	1
TCGA-CF-A27C-01	0
TCGA-CV-6941-01	0
TCGA-EY-A1GS-01	2
TCGA-86-7701-01	0
TCGA-19-1389-02	5
TCGA-06-0187-01	5
TCGA-AA-A010-01	7
TCGA-E9-A3Q9-01	1
TCGA-BT-A2LA-01	0
TCGA-BH-A0DL-01	0
TCGA-AB-2908-03	3
TCGA-19-1390-01	5
TCGA-A3-3320-01	4
TCGA-29-2428-01	6
TCGA-86-8280-01	0
TCGA-BK-A0CC-01	2
TCGA-AA-3837-01	7
TCGA-78-7535-01	0
TCGA-D1-A1NU-01	2
TCGA-CZ-5469-01	4
TCGA-60-2725-01	0
TCGA-21-5782-01	0
TCGA-AG-3581-01	7
TCGA-B2-5641-01	4
TCGA-97-7546-01	0
TCGA-18-3421-01	0
TCGA-06-0649-01	5
TCGA-AN-A0AL-01	1
TCGA-BP-4789-01	4
TCGA-66-2767-01	0
TCGA-78-7153-01	0
TCGA-67-3772-01	0
TCGA-04-1514-01	6
TCGA-B6-A0WW-01	1
TCGA-AB-2900-03	3
TCGA-AC-A3OD-01	1
TCGA-29-1690-01	4
TCGA-DK-A1AB-01	0
TCGA-AA-3833-01	7
TCGA-D1-A1NY-01	2
TCGA-E2-A156-01	1
TCGA-CZ-5454-01	4
TCGA-91-6835-01	0
TCGA-A8-A07F-01	1
TCGA-CN-6995-01	0
TCGA-CR-7397-01	0
TCGA-85-7710-01	0
TCGA-D8-A1JL-01	0
TCGA-FI-A2EX-01	2
TCGA-05-4395-01	0
TCGA-BS-A0TE-01	0
TCGA-63-5128-01	0
TCGA-57-1584-01	6
TCGA-BG-A0MU-01	2
TCGA-BA-7269-01	0
TCGA-AB-2942-03	3
TCGA-D1-A15W-01	2
TCGA-A7-A0DB-01	1
TCGA-B0-4690-01	4
TCGA-AX-A2HF-01	2
TCGA-GC-A3BM-01	0
TCGA-AA-3678-01	7
TCGA-CN-6023-01	0
TCGA-50-6590-01	0
TCGA-78-7148-01	0
TCGA-AK-3440-01	4
TCGA-22-4595-01	0
TCGA-56-6546-01	0
TCGA-AZ-4684-01	7
TCGA-D8-A1JP-01	1
TCGA-AP-A0LN-01	2
TCGA-BP-4795-01	4
TCGA-19-2624-01	5
TCGA-FD-A3NA-01	0
TCGA-AX-A06L-01	2
TCGA-24-1424-01	6
TCGA-AB-2946-03	3
TCGA-78-7155-01	0
TCGA-E9-A1NF-01	1
TCGA-AX-A06J-01	2
TCGA-DK-A1A5-01	0
TCGA-CV-5978-01	0
TCGA-A8-A09Q-01	1
TCGA-25-1317-01	6
TCGA-AB-2890-03	3
TCGA-BG-A0MQ-01	2
TCGA-AK-3444-01	4
TCGA-C8-A12K-01	0
TCGA-06-0210-02	5
TCGA-77-7139-01	0
TCGA-EW-A1PG-01	1
TCGA-BH-A0EA-01	1
TCGA-AO-A12D-01	1
TCGA-55-7994-01	0
TCGA-B0-4688-01	0
TCGA-AA-3848-01	2
TCGA-CV-6953-01	0
TCGA-AG-3727-01	2
TCGA-EO-A2CH-01	2
TCGA-06-2564-01	5
TCGA-AB-2810-03	3
TCGA-EY-A1GU-01	2
TCGA-B2-4101-01	4
TCGA-BP-5178-01	4
TCGA-D8-A1JC-01	1
TCGA-67-6215-01	0
TCGA-AB-2835-03	3
TCGA-E2-A1LA-01	1
TCGA-D1-A16E-01	2
TCGA-CF-A3MG-01	0
TCGA-B0-4842-01	4
TCGA-83-5908-01	0
TCGA-55-6980-01	0
TCGA-C8-A278-01	1
TCGA-EW-A1OW-01	0
TCGA-FI-A2F9-01	2
TCGA-BG-A0VV-01	2
TCGA-02-0047-01	5
TCGA-95-7039-01	0
TCGA-BH-A0BL-01	0
TCGA-37-4132-01	0
TCGA-27-1832-01	5
TCGA-AR-A250-01	1
TCGA-AA-A01V-01	2
TCGA-50-5936-01	0
TCGA-91-7771-01	0
TCGA-C8-A137-01	1
TCGA-D8-A1JG-01	1
TCGA-B0-5107-01	4
TCGA-AG-A020-01	7
TCGA-GC-A3OO-01	0
TCGA-AN-A0XV-01	1
TCGA-AA-3680-01	7
TCGA-44-3918-01	0
TCGA-24-1843-01	6
TCGA-AF-2691-01	7
TCGA-B0-4837-01	4
TCGA-C8-A1HN-01	1
TCGA-DQ-5629-01	0
TCGA-69-7974-01	0
TCGA-61-1917-01	6
TCGA-78-7161-01	0
TCGA-A6-2678-01	7
TCGA-BS-A0TA-01	2
TCGA-AK-3429-01	4
TCGA-G2-A2EK-01	0
TCGA-18-3407-01	0
TCGA-14-1829-01	5
TCGA-A6-3808-01	7
TCGA-DQ-5630-01	0
TCGA-49-4494-01	0
TCGA-49-6745-01	0
TCGA-E2-A1L8-01	1
TCGA-AN-A0FX-01	0
TCGA-AB-2821-03	3
TCGA-FD-A3SO-01	0
TCGA-28-5209-01	5
TCGA-B0-5812-01	4
TCGA-CN-6988-01	0
TCGA-AX-A1CP-01	2
TCGA-AR-A2LQ-01	1
TCGA-BH-A0AZ-01	1
TCGA-C8-A12M-01	1
TCGA-AP-A0LJ-01	2
TCGA-DI-A1NO-01	2
TCGA-A6-4107-01	7
TCGA-AA-A00Z-01	7
TCGA-CZ-4866-01	4
TCGA-G2-A2EC-01	0
TCGA-86-8055-01	0
TCGA-AA-A02J-01	7
TCGA-BP-4988-01	4
TCGA-29-2427-01	6
TCGA-AN-A0FT-01	1
TCGA-A7-A26J-01	1
TCGA-AB-2916-03	3
TCGA-77-7138-01	0
TCGA-C8-A275-01	1
TCGA-B6-A0RN-01	1
TCGA-CR-7404-01	0
TCGA-43-6770-01	0
TCGA-AK-3433-01	4
TCGA-BH-A0E7-01	1
TCGA-39-5029-01	0
TCGA-CN-4727-01	0
TCGA-BH-A0DS-01	1
TCGA-AO-A1KO-01	4
TCGA-B4-5835-01	4
TCGA-06-0158-01	5
TCGA-BP-4353-01	4
TCGA-AB-2805-03	3
TCGA-BP-4962-01	4
TCGA-AA-3495-01	7
TCGA-14-0817-01	5
TCGA-AP-A053-01	2
TCGA-E9-A1R5-01	1
TCGA-E9-A243-01	0
TCGA-25-1870-01	6
TCGA-HD-7753-01	0
TCGA-AG-3582-01	7
TCGA-78-7158-01	0
TCGA-BS-A0V8-01	2
TCGA-A2-A25D-01	1
TCGA-73-4675-01	0
TCGA-DK-A3IU-01	0
TCGA-BH-A1F8-01	1
TCGA-69-7980-01	0
TCGA-E2-A159-01	1
TCGA-DK-A2I1-01	0
TCGA-77-7465-01	0
TCGA-AB-2943-03	3
TCGA-B6-A0X5-01	1
TCGA-50-5932-01	0
TCGA-BB-4228-01	0
TCGA-BP-4967-01	4
TCGA-AX-A1C5-01	2
TCGA-D8-A1JK-01	1
TCGA-CJ-5671-01	4
TCGA-CV-7406-01	0
TCGA-BL-A3JM-01	0
TCGA-E2-A1LI-01	0
TCGA-71-6725-01	0
TCGA-60-2706-01	0
TCGA-A8-A08X-01	1
TCGA-DV-5569-01	4
TCGA-BP-4998-01	4
TCGA-AB-2949-03	3
TCGA-CN-5360-01	0
TCGA-CM-4746-01	2
TCGA-39-5035-01	0
TCGA-BH-A209-01	1
TCGA-B6-A0RE-01	0
TCGA-BP-4975-01	4
TCGA-AZ-4315-01	7
TCGA-EW-A1IX-01	1
TCGA-CN-4723-01	0
TCGA-C8-A138-01	1
TCGA-DK-A1AF-01	0
TCGA-AB-2828-03	3
TCGA-E2-A10C-01	1
TCGA-AX-A05T-01	2
TCGA-D8-A27N-01	1
TCGA-CJ-4869-01	4
TCGA-AA-3506-01	2
TCGA-B8-4153-01	4
TCGA-CQ-6219-01	0
TCGA-B0-5711-01	4
TCGA-76-4926-01	5
TCGA-44-6145-01	0
TCGA-AA-A01G-01	7
TCGA-06-2558-01	5
TCGA-DQ-7595-01	0
TCGA-AX-A2HD-01	2
TCGA-29-1784-01	6
TCGA-22-5472-01	0
TCGA-B8-5551-01	4
TCGA-A2-A25E-01	1
TCGA-B8-4146-01	1
TCGA-DK-A3IV-01	0
TCGA-06-0743-01	5
TCGA-D1-A16J-01	2
TCGA-61-2111-01	6
TCGA-EW-A1PH-01	0
TCGA-04-1348-01	6
TCGA-06-0171-02	5
TCGA-B0-5399-01	4
TCGA-BS-A0U8-01	2
TCGA-CV-6936-01	0
TCGA-AP-A1DV-01	2
TCGA-BP-4983-01	4
TCGA-D8-A1XZ-01	1
TCGA-CN-5358-01	0
TCGA-AB-2921-03	3
TCGA-B0-5709-01	4
TCGA-DQ-7591-01	0
TCGA-A8-A09A-01	1
TCGA-BH-A0H3-01	1
TCGA-29-2414-01	6
TCGA-09-2045-01	6
TCGA-AK-3426-01	4
TCGA-BP-4804-01	4
TCGA-BH-A202-01	1
TCGA-19-0957-02	5
TCGA-B8-5549-01	4
TCGA-05-5423-01	0
TCGA-78-7154-01	0
TCGA-36-1570-01	6
TCGA-AR-A1AR-01	0
TCGA-DQ-7588-01	0
TCGA-DV-5574-01	4
TCGA-13-0897-01	6
TCGA-13-1498-01	6
TCGA-AO-A1KT-01	1
TCGA-DV-5573-01	4
TCGA-AF-3913-01	7
TCGA-B0-5710-01	4
TCGA-E2-A1IJ-01	1
TCGA-86-7954-01	0
TCGA-18-3419-01	0
TCGA-34-5234-01	0
TCGA-24-1550-01	6
TCGA-E9-A22H-01	1
TCGA-78-7143-01	0
TCGA-B2-5639-01	4
TCGA-E2-A155-01	1
TCGA-AR-A2LK-01	1
TCGA-CR-7390-01	0
TCGA-AX-A1C9-01	2
TCGA-56-5898-01	0
TCGA-AB-2818-03	3
TCGA-25-1324-01	6
TCGA-B6-A0X1-01	0
TCGA-CN-5364-01	0
TCGA-75-5126-01	0
TCGA-B6-A0RI-01	1
TCGA-55-8206-01	0
TCGA-B0-4846-01	4
TCGA-29-2414-02	6
TCGA-66-2789-01	0
TCGA-B5-A1MR-01	2
TCGA-A8-A08O-01	1
TCGA-AX-A063-01	2
TCGA-A8-A07U-01	0
TCGA-24-2254-01	6
TCGA-E9-A1N4-01	1
TCGA-CJ-4900-01	4
TCGA-AA-A01C-01	7
TCGA-CR-7367-01	0
TCGA-CV-7422-01	0
TCGA-AB-2814-03	3
TCGA-CV-6962-01	0
TCGA-DK-A1A3-01	0
TCGA-A1-A0SP-01	0
TCGA-35-4123-01	0
TCGA-B5-A0K3-01	2
TCGA-24-1930-01	6
TCGA-EY-A214-01	2
TCGA-AP-A0LT-01	2
TCGA-A2-A0T4-01	1
TCGA-CQ-6222-01	0
TCGA-C8-A12V-01	0
TCGA-46-3765-01	0
TCGA-32-1982-01	5
TCGA-CR-7393-01	0
TCGA-A7-A26E-01	1
TCGA-AN-A0FS-01	1
TCGA-22-4591-01	0
TCGA-D1-A1O5-01	2
TCGA-A2-A0SY-01	1
TCGA-D1-A0ZQ-01	2
TCGA-28-5216-01	5
TCGA-AB-2820-03	3
TCGA-AO-A03N-01	1
TCGA-AC-A2BM-01	1
TCGA-D1-A17A-01	2
TCGA-AO-A126-01	1
TCGA-CJ-4878-01	4
TCGA-B0-5094-01	4
TCGA-AO-A0J6-01	0
TCGA-AP-A0L8-01	2
TCGA-EW-A1PC-01	1
TCGA-GM-A2DA-01	1
TCGA-AN-A0XT-01	1
TCGA-44-5645-01	0
TCGA-24-2033-01	6
TCGA-AA-3872-01	7
TCGA-B5-A0K0-01	2
TCGA-D8-A27F-01	0
TCGA-AP-A1DR-01	2
TCGA-AB-2970-03	3
TCGA-97-7547-01	0
TCGA-CJ-6033-01	4
TCGA-27-1835-01	5
TCGA-AA-A02R-01	7
TCGA-04-1362-01	6
TCGA-AA-3846-01	7
TCGA-D8-A141-01	1
TCGA-AA-3976-01	7
TCGA-CQ-6224-01	0
TCGA-25-1627-01	6
TCGA-CZ-4862-01	4
TCGA-AA-3852-01	7
TCGA-EW-A2FV-01	1
TCGA-22-4605-01	0
TCGA-60-2709-01	0
TCGA-CV-7177-01	0
TCGA-BH-A0H9-01	1
TCGA-06-2557-01	5
TCGA-AX-A05Z-01	2
TCGA-B5-A0JT-01	2
TCGA-A5-A0GQ-01	2
TCGA-B0-4701-01	4
TCGA-E2-A1LB-01	1
TCGA-33-4538-01	0
TCGA-26-5136-01	5
TCGA-BH-A18T-01	0
TCGA-B0-5701-01	4
TCGA-AG-A023-01	7
TCGA-AB-2991-03	3
TCGA-AP-A1DP-01	2
TCGA-AO-A03R-01	1
TCGA-AA-3855-01	7
TCGA-A5-A1OJ-01	2
TCGA-AX-A2HJ-01	2
TCGA-BH-A0AV-01	0
TCGA-AB-2856-03	3
TCGA-A2-A0D0-01	0
TCGA-55-7914-01	0
TCGA-DK-A3X1-01	0
TCGA-EW-A2FR-01	1
TCGA-C8-A133-01	1
TCGA-A2-A1G1-01	0
TCGA-BH-A0BD-01	1
TCGA-36-1568-01	6
TCGA-29-1697-01	6
TCGA-AA-3530-01	7
TCGA-AX-A1CC-01	2
TCGA-AB-3007-03	3
TCGA-GV-A3JV-01	0
TCGA-66-2781-01	0
TCGA-91-6849-01	0
TCGA-AR-A2LE-01	1
TCGA-09-2054-01	6
TCGA-39-5034-01	0
TCGA-18-3411-01	0
TCGA-B5-A11M-01	2
TCGA-24-1558-01	6
TCGA-A7-A13G-01	1
TCGA-CQ-7065-01	0
TCGA-AA-3514-01	2
TCGA-BA-5558-01	0
TCGA-29-1711-01	6
TCGA-39-5030-01	0
TCGA-A2-A0SU-01	1
TCGA-25-1329-01	6
TCGA-CJ-5682-01	4
TCGA-AB-2995-03	3
TCGA-CJ-4908-01	4
TCGA-95-8039-01	0
TCGA-26-1442-01	5
TCGA-BP-4768-01	4
TCGA-AA-3673-01	7
TCGA-A7-A0DA-01	0
TCGA-BP-4959-01	4
TCGA-AC-A3HN-01	1
TCGA-66-2734-01	0
TCGA-B0-4691-01	4
TCGA-55-7576-01	0
TCGA-60-2696-01	0
TCGA-E7-A3Y1-01	0
TCGA-AB-2915-03	3
TCGA-CR-7376-01	0
TCGA-BH-A0H7-01	1
TCGA-28-5207-01	5
TCGA-09-0364-01	6
TCGA-CZ-4853-01	4
TCGA-A2-A25C-01	1
TCGA-CU-A3QU-01	0
TCGA-EW-A1J5-01	1
TCGA-AB-2898-03	3
TCGA-CV-7414-01	0
TCGA-D1-A17U-01	2
TCGA-B0-5108-01	4
TCGA-GD-A3OS-01	0
TCGA-06-0184-01	5
TCGA-75-6212-01	0
TCGA-44-2666-01	0
TCGA-D8-A27T-01	1
TCGA-AG-3575-01	0
TCGA-55-7284-01	0
TCGA-E2-A14V-01	1
TCGA-25-1314-01	6
TCGA-D8-A1Y1-01	1
TCGA-CR-7382-01	0
TCGA-06-0747-01	5
TCGA-BA-6868-01	0
TCGA-CV-6942-01	0
TCGA-AA-3941-01	7
TCGA-22-5479-01	0
TCGA-33-4583-01	0
TCGA-B0-5085-01	4
TCGA-66-2773-01	0
TCGA-CV-5441-01	0
TCGA-64-1679-01	0
TCGA-D1-A17Q-01	2
TCGA-50-5055-01	0
TCGA-76-4927-01	5
TCGA-73-4676-01	0
TCGA-CN-5373-01	0
TCGA-BH-A0DI-01	1
TCGA-AB-2910-03	3
TCGA-14-0790-01	5
TCGA-CR-7386-01	0
TCGA-26-5132-01	5
TCGA-A3-3363-01	4
TCGA-D1-A169-01	2
TCGA-41-2572-01	5
TCGA-A2-A04N-01	1
TCGA-C8-A1HE-01	1
TCGA-B0-5713-01	4
TCGA-78-7220-01	0
TCGA-BG-A0M9-01	2
TCGA-78-7150-01	0
TCGA-24-1560-01	6
TCGA-55-6978-01	0
TCGA-AR-A24K-01	1
TCGA-BT-A20P-01	0
TCGA-29-1693-01	6
TCGA-D1-A177-01	2
TCGA-AJ-A2QK-01	2
TCGA-A3-3319-01	4
TCGA-E9-A1RI-01	1
TCGA-AA-A02E-01	7
TCGA-EU-5905-01	4
TCGA-CZ-5985-01	4
TCGA-AC-A23E-01	1
TCGA-AG-3999-01	7
TCGA-55-6969-01	0
TCGA-GM-A2DI-01	1
TCGA-AG-A01J-01	7
TCGA-B5-A11I-01	2
TCGA-BP-5190-01	4
TCGA-CR-7394-01	0
TCGA-78-7166-01	0
TCGA-36-1578-01	6
TCGA-CQ-6225-01	0
TCGA-A2-A0CU-01	1
TCGA-05-4433-01	0
TCGA-B6-A0RM-01	1
TCGA-DK-A1AE-01	0
TCGA-29-1703-01	6
TCGA-D1-A162-01	2
TCGA-06-0878-01	5
TCGA-EY-A1GC-01	2
TCGA-AA-3684-01	2
TCGA-B6-A0I8-01	1
TCGA-50-5049-01	0
TCGA-E2-A1L7-01	1
TCGA-GM-A2DN-01	1
TCGA-CW-6088-01	4
TCGA-B8-5164-01	4
TCGA-BS-A0UF-01	2
TCGA-06-5416-01	5
TCGA-B8-5550-01	4
TCGA-CK-4951-01	7
TCGA-22-1012-01	0
TCGA-BP-5180-01	4
TCGA-B5-A0JU-01	2
TCGA-78-7536-01	0
TCGA-AG-3586-01	7
TCGA-EW-A1J1-01	1
TCGA-A6-2680-01	2
TCGA-CN-6012-01	0
TCGA-AX-A05Y-01	2
TCGA-AQ-A0Y5-01	1
TCGA-A8-A09W-01	1
TCGA-56-6545-01	0
TCGA-34-2608-01	0
TCGA-AJ-A23O-01	2
TCGA-EY-A1H0-01	2
TCGA-B6-A0IM-01	1
TCGA-BP-4763-01	4
TCGA-24-1419-01	6
TCGA-A2-A0EN-01	1
TCGA-A5-A0GV-01	2
TCGA-GV-A3QI-01	0
TCGA-BP-5010-01	4
TCGA-61-1919-01	6
TCGA-AA-A03F-01	2
TCGA-AB-2919-03	3
TCGA-97-8172-01	0
TCGA-A2-A1FX-01	1
TCGA-39-5021-01	0
TCGA-64-1681-01	0
TCGA-CW-5585-01	4
TCGA-A8-A085-01	1
TCGA-CZ-5984-01	4
TCGA-06-0129-01	5
TCGA-E2-A1IG-01	1
TCGA-A3-3316-01	4
TCGA-B0-5081-01	4
TCGA-AP-A0LE-01	2
TCGA-AA-3529-01	7
TCGA-EY-A1G7-01	2
TCGA-50-6593-01	0
TCGA-66-2768-01	0
TCGA-BH-A1F0-01	0
TCGA-CW-5587-01	4
TCGA-AX-A2HA-01	2
TCGA-18-3417-01	0
TCGA-22-4613-01	0
TCGA-CZ-5458-01	4
TCGA-CV-5966-01	0
TCGA-31-1953-01	6
TCGA-B6-A2IU-01	1
TCGA-14-1034-02	5
TCGA-E9-A1R2-01	1
TCGA-25-1630-01	6
TCGA-AB-3008-03	3
TCGA-30-1862-01	6
TCGA-EC-A24G-01	2
TCGA-CN-6019-01	0
TCGA-BP-4161-01	4
TCGA-A8-A08L-01	1
TCGA-06-0125-01	5
TCGA-B0-4823-01	4
TCGA-AR-A1AI-01	0
TCGA-CW-6087-01	4
TCGA-B0-5098-01	2
TCGA-D1-A0ZZ-01	2
TCGA-CJ-4886-01	4
TCGA-AX-A1CR-01	2
TCGA-50-6597-01	0
TCGA-69-8255-01	0
TCGA-B5-A0K4-01	2
TCGA-A8-A09T-01	1
TCGA-22-4596-01	0
TCGA-78-7162-01	0
TCGA-EW-A1PD-01	1
TCGA-63-7023-01	0
TCGA-AP-A0LM-01	2
TCGA-D8-A1J8-01	1
TCGA-AB-2897-03	3
TCGA-BG-A2AD-01	2
TCGA-23-1122-01	6
TCGA-37-4141-01	0
TCGA-A5-A1OF-01	2
TCGA-A7-A0CG-01	1
TCGA-AG-3896-01	7
TCGA-76-4932-01	5
TCGA-BP-4991-01	4
TCGA-A2-A0D4-01	1
TCGA-DI-A1NN-01	2
TCGA-09-1666-01	6
TCGA-16-1045-01	5
TCGA-AR-A24N-01	1
TCGA-36-1574-01	6
TCGA-19-5960-01	5
TCGA-EW-A1IW-01	1
TCGA-CV-6003-01	0
TCGA-96-7544-01	0
TCGA-AG-3909-01	7
TCGA-21-1081-01	0
TCGA-29-1778-01	6
TCGA-BG-A0LX-01	2
TCGA-06-5408-01	5
TCGA-B5-A11N-01	2
TCGA-AB-2879-03	3
TCGA-24-1423-01	6
TCGA-06-2567-01	5
TCGA-60-2715-01	0
TCGA-B2-4102-01	4
TCGA-AQ-A1H3-01	1
TCGA-B6-A1KI-01	1
TCGA-B6-A0IQ-01	0
TCGA-BP-4995-01	4
TCGA-AK-3434-01	4
TCGA-BH-A1FG-01	1
TCGA-AR-A0TS-01	0
TCGA-09-1662-01	6
TCGA-92-7340-01	0
TCGA-66-2754-01	0
TCGA-28-5220-01	5
TCGA-CJ-5686-01	4
TCGA-AB-2886-03	3
TCGA-A2-A0CM-01	0
TCGA-CV-7254-01	0
TCGA-CZ-4861-01	4
TCGA-AB-2954-03	3
TCGA-66-2771-01	0
TCGA-E2-A15I-01	1
TCGA-32-2616-01	5
TCGA-22-5480-01	0
TCGA-AA-3856-01	7
TCGA-BH-A0BO-01	1
TCGA-A5-A0VP-01	2
TCGA-A8-A06X-01	1
TCGA-BG-A221-01	2
TCGA-CR-6481-01	0
TCGA-94-7557-01	0
TCGA-C8-A134-01	0
TCGA-24-1563-01	6
TCGA-AB-2983-03	3
TCGA-E2-A152-01	1
TCGA-51-4081-01	0
TCGA-29-1763-01	6
TCGA-AB-2871-03	3
TCGA-EO-A22R-01	2
TCGA-BP-4354-01	4
TCGA-AA-A01S-01	2
TCGA-A2-A0YE-01	0
TCGA-C8-A12Y-01	1
TCGA-BT-A2LB-01	0
TCGA-GV-A3QF-01	0
TCGA-FI-A2D0-01	2
TCGA-25-1631-01	6
TCGA-55-6984-01	0
TCGA-BP-5001-01	4
TCGA-66-2793-01	0
TCGA-A8-A06T-01	1
TCGA-32-1970-01	5
TCGA-AG-3593-01	7
TCGA-BP-4968-01	4
TCGA-AB-2911-03	3
TCGA-D1-A16Q-01	2
TCGA-29-1694-01	6
TCGA-BP-5186-01	4
TCGA-GC-A3I6-01	0
TCGA-02-0055-01	5
TCGA-55-7910-01	0
TCGA-E9-A248-01	1
TCGA-A7-A26I-01	0
TCGA-B0-4838-01	4
TCGA-AA-3522-01	7
TCGA-55-7725-01	1
TCGA-BA-5149-01	0
TCGA-63-5131-01	0
TCGA-66-2758-01	0
TCGA-05-4415-01	0
TCGA-CJ-4894-01	4
TCGA-DK-A1AA-01	0
TCGA-AG-A02X-01	7
TCGA-A2-A0CZ-01	1
TCGA-C8-A12Q-01	1
TCGA-BH-A0HU-01	1
TCGA-23-2081-01	6
TCGA-AG-3892-01	7
TCGA-AR-A24V-01	1
TCGA-06-0138-01	5
TCGA-BP-4771-01	4
TCGA-77-8009-01	0
TCGA-CJ-5677-01	4
TCGA-36-1580-01	6
TCGA-BP-4158-01	4
TCGA-D1-A17M-01	2
TCGA-AG-A016-01	7
TCGA-B6-A0WX-01	0
TCGA-AB-2934-03	3
TCGA-A2-A04Q-01	0
TCGA-51-4080-01	0
TCGA-CV-7413-01	0
TCGA-56-7223-01	0
TCGA-61-1738-01	6
TCGA-B0-4849-01	4
TCGA-BP-5182-01	4
TCGA-AG-3611-01	7
TCGA-D1-A161-01	2
TCGA-AA-A00D-01	7
TCGA-E2-A109-01	1
TCGA-C8-A12U-01	1
TCGA-BP-4784-01	4
TCGA-BP-5176-01	4
TCGA-AA-3845-01	7
TCGA-A8-A076-01	1
TCGA-A2-A0EX-01	1
TCGA-BS-A0TJ-01	2
TCGA-B6-A0WT-01	1
TCGA-06-0168-01	5
TCGA-24-1548-01	6
TCGA-D8-A1Y2-01	1
TCGA-CV-7250-01	0
TCGA-CV-6950-01	0
TCGA-25-1632-01	6
TCGA-CJ-5689-01	4
TCGA-BS-A0U7-01	2
TCGA-D1-A15X-01	7
TCGA-29-1770-02	6
TCGA-78-7149-01	0
TCGA-CN-5374-01	0
TCGA-04-1365-01	6
TCGA-98-7454-01	0
TCGA-BH-A0BV-01	1
TCGA-D8-A1XR-01	1
TCGA-AG-3726-01	2
TCGA-D8-A146-01	1
TCGA-BG-A186-01	2
TCGA-AB-2889-03	3
TCGA-BG-A0M2-01	2
TCGA-AG-3598-01	7
TCGA-BA-5153-01	0
TCGA-FD-A3B3-01	0
TCGA-AB-2988-03	3
TCGA-AX-A064-01	2
TCGA-CJ-4907-01	4
TCGA-CN-5363-01	0
TCGA-77-6843-01	0
TCGA-BH-A0C1-01	1
TCGA-13-1410-01	6
TCGA-BP-4341-01	4
TCGA-E6-A1LX-01	2
TCGA-BT-A20W-01	0
TCGA-BH-A1FL-01	1
TCGA-12-3652-01	5
TCGA-A8-A06P-01	1
TCGA-AB-2999-03	3
TCGA-AR-A1AY-01	0
TCGA-A3-3370-01	4
TCGA-EO-A1Y5-01	2
TCGA-A5-A0R8-01	2
TCGA-A3-3372-01	4
TCGA-AB-2851-03	3
TCGA-24-1553-01	6
TCGA-BA-4075-01	0
TCGA-AO-A0JE-01	1
TCGA-A8-A07R-01	0
TCGA-BS-A0TI-01	2
TCGA-CJ-4903-01	4
TCGA-AA-3966-01	7
TCGA-FI-A2CX-01	4
TCGA-66-2727-01	0
TCGA-BG-A0MI-01	2
TCGA-AN-A03Y-01	1
TCGA-A2-A0T7-01	1
TCGA-AJ-A2QL-01	2
TCGA-AG-3608-01	7
TCGA-64-1678-01	0
TCGA-A8-A0AD-01	1
TCGA-23-1111-01	6
TCGA-34-5231-01	0
TCGA-49-4507-01	0
TCGA-A8-A081-01	1
TCGA-69-7973-01	0
TCGA-CQ-6221-01	0
TCGA-B0-4699-01	4
TCGA-AA-3877-01	7
TCGA-A5-A0GN-01	2
TCGA-BH-A1FH-01	1
TCGA-B6-A1KF-01	0
TCGA-AA-3986-01	7
TCGA-55-6712-01	0
TCGA-CV-7418-01	0
TCGA-69-7760-01	0
TCGA-BB-7863-01	0
TCGA-95-7948-01	0
TCGA-BP-5189-01	4
TCGA-CN-4731-01	0
TCGA-B8-5163-01	4
TCGA-46-3766-01	0
TCGA-CR-7365-01	0
TCGA-D8-A27I-01	1
TCGA-06-5415-01	5
TCGA-A8-A08H-01	0
TCGA-A3-3311-01	4
TCGA-BP-4760-01	4
TCGA-AA-A01D-01	7
TCGA-33-4533-01	0
TCGA-BA-5557-01	0
TCGA-AA-3560-01	7
TCGA-B0-4852-01	4
TCGA-AN-A0XN-01	0
TCGA-22-5492-01	0
TCGA-E9-A1NI-01	1
TCGA-44-2661-01	0
TCGA-14-2554-01	5
TCGA-CV-7427-01	0
TCGA-G2-A2EL-01	0
TCGA-60-2711-01	0
TCGA-CZ-4854-01	4
TCGA-CV-6939-01	0
TCGA-26-5135-01	5
TCGA-A5-A0GE-01	2
TCGA-13-1497-01	6
TCGA-06-0219-01	5
TCGA-CW-5589-01	4
TCGA-20-1685-01	6
TCGA-D8-A142-01	1
TCGA-CZ-5470-01	4
TCGA-FD-A3SS-01	0
TCGA-AG-3594-01	7
TCGA-AZ-4614-01	7
TCGA-B0-4824-01	4
TCGA-E2-A15L-01	1
TCGA-13-0913-01	6
TCGA-BP-4345-01	4
TCGA-B0-5115-01	4
TCGA-49-4490-01	0
TCGA-BH-A0AU-01	1
TCGA-AB-2855-03	3
TCGA-D1-A16O-01	2
TCGA-61-2097-01	6
TCGA-AK-3450-01	4
TCGA-14-0787-01	5
TCGA-H7-7774-01	0
TCGA-D1-A16X-01	2
TCGA-GC-A3WC-01	0
TCGA-AF-3400-01	7
TCGA-CZ-5463-01	4
TCGA-D1-A1NS-01	2
TCGA-AB-2918-03	3
TCGA-22-4604-01	0
TCGA-GC-A3RB-01	0
TCGA-A2-A0D3-01	1
TCGA-12-0618-01	5
TCGA-69-7764-01	0
TCGA-AO-A0JA-01	1
TCGA-46-3769-01	0
TCGA-E2-A153-01	1
TCGA-86-7955-01	0
TCGA-B0-5119-01	4
TCGA-50-5946-01	0
TCGA-B0-4811-01	4
TCGA-CJ-4916-01	4
TCGA-E2-A1B5-01	1
TCGA-CR-7364-01	0
TCGA-27-2524-01	5
TCGA-BG-A2L7-01	2
TCGA-43-6143-01	0
TCGA-B6-A0RU-01	0
TCGA-GM-A2DB-01	0
TCGA-EC-A1NJ-01	2
TCGA-AB-2811-03	3
TCGA-AA-A029-01	7
TCGA-75-6207-01	0
TCGA-AA-A00K-01	7
TCGA-D1-A16Y-01	2
TCGA-E9-A244-01	0
TCGA-B5-A11J-01	2
TCGA-EY-A1GE-01	2
TCGA-A8-A07L-01	1
TCGA-A8-A093-01	1
TCGA-B0-4696-01	0
TCGA-AP-A05N-01	2
TCGA-BP-4758-01	4
TCGA-09-1669-01	6
TCGA-EW-A1J6-01	1
TCGA-A2-A0YH-01	1
TCGA-DI-A2QU-01	2
TCGA-A2-A0SV-01	1
TCGA-BH-A1FC-01	0
TCGA-E9-A22B-01	1
TCGA-FI-A2D6-01	0
TCGA-95-7567-01	0
TCGA-61-1721-01	4
TCGA-C8-A3M8-01	1
TCGA-AG-3600-01	7
TCGA-CZ-5989-01	1
TCGA-08-0386-01	5
TCGA-BP-5194-01	4
TCGA-32-2615-01	5
TCGA-95-7043-01	0
TCGA-BH-A18S-01	1
TCGA-CN-4735-01	0
TCGA-BP-4174-01	4
TCGA-FD-A3B8-01	0
TCGA-49-4512-01	0
TCGA-27-1834-01	5
TCGA-AN-A04A-01	1
TCGA-AB-2882-03	3
TCGA-AB-2930-03	3
TCGA-EW-A1J2-01	1
TCGA-BB-4225-01	0
TCGA-67-6217-01	0
TCGA-BP-4177-01	4
TCGA-BB-7864-01	0
TCGA-AA-A022-01	7
TCGA-AB-2875-03	3
TCGA-AA-A01P-01	7
TCGA-AB-2843-03	3
TCGA-95-7944-01	0
TCGA-AA-3851-01	7
TCGA-59-2352-01	6
TCGA-AB-2904-03	3
TCGA-BP-4335-01	4
TCGA-A2-A1G6-01	4
TCGA-A5-A0GA-01	2
TCGA-E2-A14O-01	1
TCGA-CJ-4889-01	4
TCGA-AB-2903-03	3
TCGA-05-4244-01	0
TCGA-97-7553-01	0
TCGA-AB-3000-03	3
TCGA-EU-5906-01	4
TCGA-AA-3542-01	2
TCGA-AB-2992-03	3
TCGA-66-2770-01	0
TCGA-BP-4799-01	4
TCGA-06-0744-01	5
TCGA-CV-5442-01	0
TCGA-AG-A01L-01	7
TCGA-CW-5580-01	4
TCGA-24-1567-01	6
TCGA-CN-5370-01	0
TCGA-50-5051-01	0
TCGA-66-2753-01	0
TCGA-B8-4154-01	4
TCGA-78-7540-01	0
TCGA-73-7499-01	0
TCGA-AG-A01N-01	7
TCGA-BP-4169-01	4
TCGA-CJ-4890-01	4
TCGA-34-5241-01	0
TCGA-39-5011-01	0
TCGA-E9-A1RE-01	1
TCGA-A3-3357-01	4
TCGA-E2-A1BC-01	1
TCGA-AN-A0XU-01	0
TCGA-75-6203-01	0
TCGA-A2-A0CV-01	1
TCGA-66-2778-01	0
TCGA-28-5204-01	5
TCGA-50-5942-01	0
TCGA-IQ-7630-01	0
TCGA-A3-3322-01	4
TCGA-BG-A18B-01	2
TCGA-36-1577-01	6
TCGA-D1-A174-01	2
TCGA-AG-3887-01	7
TCGA-B5-A0JY-01	2
TCGA-E9-A1NE-01	1
TCGA-AO-A129-01	0
TCGA-43-6647-01	0
TCGA-55-8205-01	0
TCGA-BH-A0W7-01	1
TCGA-CM-4752-01	7
TCGA-BP-5000-01	4
TCGA-24-1467-01	6
TCGA-BP-4787-01	4
TCGA-D8-A27M-01	0
TCGA-18-3415-01	0
TCGA-BG-A0M6-01	2
TCGA-B2-5636-01	4
TCGA-55-7283-01	0
TCGA-E2-A1IK-01	1
TCGA-AN-A046-01	1
TCGA-09-0367-01	6
TCGA-B0-4819-01	4
TCGA-CV-7180-01	0
TCGA-FI-A2D2-01	2
TCGA-66-2785-01	0
TCGA-06-5858-01	5
TCGA-D1-A17L-01	2
TCGA-G2-A3IB-01	0
TCGA-CV-7428-01	0
TCGA-44-8120-01	0
TCGA-AG-A02G-01	7
TCGA-97-7554-01	0
TCGA-BP-5168-01	4
TCGA-AP-A05A-01	2
TCGA-A5-A0RA-01	2
TCGA-CJ-4893-01	4
TCGA-66-2763-01	0
TCGA-90-7964-01	0
TCGA-44-8117-01	0
TCGA-CV-7101-01	0
TCGA-AP-A1DQ-01	2
TCGA-GI-A2C9-01	0
TCGA-A6-2683-01	2
TCGA-BP-4166-01	4
TCGA-41-2571-01	5
TCGA-FD-A3B7-01	0
TCGA-CJ-4871-01	4
TCGA-AX-A2IO-01	2
TCGA-CR-6473-01	0
TCGA-CZ-5453-01	4
TCGA-CV-6937-01	0
TCGA-AB-2847-03	3
TCGA-AA-3844-01	7
TCGA-AA-A01K-01	7
TCGA-25-1623-01	6
TCGA-D8-A1XB-01	1
TCGA-49-4486-01	0
TCGA-E6-A1M0-01	2
TCGA-18-4086-01	0
TCGA-BP-5173-01	4
TCGA-CJ-5675-01	4
TCGA-A2-A0YL-01	1
TCGA-AB-2984-03	3
TCGA-AA-3549-01	7
TCGA-B2-5635-01	4
TCGA-AP-A0LF-01	2
TCGA-BP-4162-01	4
TCGA-23-1023-01	6
TCGA-AX-A06B-01	2
TCGA-06-5413-01	5
TCGA-30-1891-01	6
TCGA-BP-5009-01	4
TCGA-66-2742-01	0
TCGA-B6-A0IJ-01	0
TCGA-AO-A0JF-01	1
TCGA-B4-5838-01	4
TCGA-A5-A1OK-01	2
TCGA-06-5411-01	5
TCGA-06-0211-01	5
TCGA-AO-A12E-01	1
TCGA-BT-A20O-01	0
TCGA-CN-4740-01	0
TCGA-AA-3664-01	7
TCGA-D1-A165-01	2
TCGA-96-7545-01	0
TCGA-EY-A1GR-01	2
TCGA-GV-A3JZ-01	0
TCGA-75-5147-01	0
TCGA-BH-A0AY-01	1
TCGA-AB-2859-03	3
TCGA-EW-A1OZ-01	1
TCGA-BK-A26L-01	2
TCGA-AC-A2QH-01	0
TCGA-20-1682-01	6
TCGA-B5-A0K7-01	2
TCGA-55-8089-01	0
TCGA-55-8094-01	0
TCGA-AX-A0IU-01	2
TCGA-B8-5553-01	4
TCGA-A2-A1FW-01	1
TCGA-25-1318-01	6
TCGA-AA-A00L-01	7
TCGA-66-2791-01	0
TCGA-AB-3011-03	3
TCGA-19-2619-01	5
TCGA-AP-A1E0-01	2
TCGA-61-1740-01	6
TCGA-CN-4736-01	0
TCGA-59-2363-01	6
TCGA-AB-2822-03	3
TCGA-D8-A147-01	0
TCGA-D1-A0ZS-01	2
TCGA-B0-4828-01	4
TCGA-44-7671-01	0
TCGA-BG-A222-01	2
TCGA-AX-A1CI-01	2
TCGA-24-1616-01	6
TCGA-06-5418-01	5
TCGA-AK-3458-01	4
TCGA-AB-2806-03	3
TCGA-CN-6016-01	0
TCGA-CJ-5681-01	4
TCGA-06-0190-01	5
TCGA-EY-A1GF-01	2
TCGA-CR-6478-01	0
TCGA-06-0190-02	5
TCGA-66-2795-01	0
TCGA-38-4631-01	0
TCGA-60-2712-01	0
TCGA-A3-3358-01	4
TCGA-A2-A0EW-01	1
TCGA-05-4390-01	0
TCGA-A3-3380-01	4
TCGA-BP-5006-01	4
TCGA-61-2104-01	6
TCGA-CM-5341-01	7
TCGA-AG-3878-01	2
TCGA-37-4130-01	0
TCGA-97-8171-01	0
TCGA-BP-4803-01	4
TCGA-CJ-4875-01	4
TCGA-13-0730-01	6
TCGA-B0-5693-01	4
TCGA-04-1519-01	6
TCGA-A7-A2KD-01	1
TCGA-AB-2838-03	3
TCGA-AA-3950-01	7
TCGA-22-5483-01	0
TCGA-E2-A15O-01	1
TCGA-CR-6474-01	0
TCGA-AA-3956-01	7
TCGA-CJ-6032-01	4
TCGA-CV-7099-01	0
TCGA-B0-4833-01	4
TCGA-34-5927-01	0
TCGA-EC-A1QX-01	2
TCGA-BS-A0UL-01	2
TCGA-B6-A0IN-01	1
TCGA-97-8175-01	0
TCGA-50-7109-01	0
TCGA-30-1855-01	6
TCGA-AN-A0FJ-01	0
TCGA-A3-3367-01	4
TCGA-23-1027-01	6
TCGA-B2-4099-01	4
TCGA-76-4931-01	5
TCGA-CJ-4881-01	4
TCGA-AA-A01X-01	2
TCGA-CZ-4857-01	4
TCGA-BH-A1FD-01	1
TCGA-AB-2966-03	3
TCGA-AB-2830-03	3
TCGA-14-1823-01	5
TCGA-AO-A1KS-01	1
TCGA-B5-A0JV-01	2
TCGA-77-7140-01	0
TCGA-CV-7095-01	0
TCGA-A2-A3KC-01	1
TCGA-BH-A1EV-01	1
TCGA-AB-2913-03	3
TCGA-BH-A0HX-01	1
TCGA-A2-A259-01	1
TCGA-AO-A03V-01	1
TCGA-CJ-4643-01	4
TCGA-06-0156-01	5
TCGA-AN-A0FF-01	1
TCGA-A8-A0A7-01	1
TCGA-A7-A3J0-01	1
TCGA-23-1809-01	6
TCGA-76-4928-01	5
TCGA-CJ-5678-01	4
TCGA-06-0686-01	5
TCGA-55-8085-01	0
TCGA-55-8090-01	0
TCGA-E9-A22E-01	1
TCGA-AG-4001-01	7
TCGA-06-0644-01	5
TCGA-CR-7389-01	0
TCGA-AB-2872-03	3
TCGA-AB-2885-03	3
TCGA-CV-7253-01	0
TCGA-AX-A0J0-01	2
TCGA-A3-3306-01	4
TCGA-BP-4987-01	4
TCGA-AP-A05J-01	2
TCGA-C4-A0F0-01	0
TCGA-86-8076-01	0
TCGA-AR-A24U-01	1
TCGA-A3-3326-01	4
TCGA-AB-2933-03	3
TCGA-A2-A04X-01	1
TCGA-A2-A04V-01	1
TCGA-24-1846-01	6
TCGA-66-2757-01	0
TCGA-A5-A0VO-01	2
TCGA-AG-4005-01	7
TCGA-AR-A2LR-01	0
TCGA-AB-2834-03	3
TCGA-CR-7385-01	0
TCGA-AR-A24R-01	1
TCGA-A6-2684-01	2
TCGA-AB-2848-03	3
TCGA-CV-7432-01	0
TCGA-05-5420-01	0
TCGA-CV-6441-01	0
TCGA-A2-A0ES-01	1
TCGA-D6-6515-01	0
TCGA-CJ-4636-01	4
TCGA-61-1733-01	6
TCGA-E2-A14T-01	1
TCGA-BP-4807-01	4
TCGA-64-1676-01	0
TCGA-CV-5439-01	0
TCGA-A6-3810-01	7
TCGA-33-4547-01	0
TCGA-DK-A3IM-01	0
TCGA-24-1103-01	6
TCGA-E9-A295-01	1
TCGA-AG-4008-01	7
TCGA-44-7667-01	0
TCGA-24-2298-01	6
TCGA-CV-6433-01	0
TCGA-BH-A0BR-01	1
TCGA-CN-6011-01	0
TCGA-EY-A1GI-01	2
TCGA-EW-A1P8-01	0
TCGA-AO-A125-01	1
TCGA-E2-A15E-01	1
TCGA-BP-4970-01	4
TCGA-C8-A12Z-01	1
TCGA-05-4427-01	0
TCGA-CV-7236-01	0
TCGA-CW-5583-01	4
TCGA-24-2024-01	6
TCGA-24-1416-01	6
TCGA-AB-2996-03	3
TCGA-B8-5159-01	4
TCGA-BH-A0HO-01	1
TCGA-B4-5832-01	1
TCGA-B8-4620-01	4
TCGA-AB-2929-03	3
TCGA-AA-3681-01	7
TCGA-CR-5249-01	0
TCGA-E9-A1RB-01	1
TCGA-B5-A11V-01	2
TCGA-BG-A0RY-01	2
TCGA-CJ-4904-01	4
TCGA-79-5596-01	0
TCGA-EW-A1P4-01	0
TCGA-AN-A0FZ-01	1
TCGA-AA-3494-01	7
TCGA-D1-A17K-01	2
TCGA-AO-A1KR-01	0
TCGA-FD-A3SM-01	0
TCGA-AA-3866-01	7
TCGA-D8-A1XF-01	1
TCGA-CF-A1HR-01	0
TCGA-B5-A11F-01	2
TCGA-CV-5432-01	0
TCGA-CJ-4897-01	4
TCGA-53-7624-01	0
TCGA-B4-5843-01	4
TCGA-E2-A14Z-01	1
TCGA-44-7659-01	0
TCGA-AB-2979-03	3
TCGA-A8-A08C-01	1
TCGA-BP-5175-01	4
TCGA-55-1594-01	0
TCGA-D1-A2G5-01	2
TCGA-AA-3534-01	7
TCGA-AO-A0JD-01	1
TCGA-24-2035-01	6
TCGA-A6-2679-01	2
TCGA-AG-A015-01	7
TCGA-05-4403-01	0
TCGA-E2-A150-01	0
TCGA-BH-A0W3-01	1
TCGA-55-8097-01	0
TCGA-22-1017-01	0
TCGA-AC-A2FG-01	1
TCGA-64-1680-01	0
TCGA-BH-A18H-01	1
TCGA-BH-A0HF-01	1
TCGA-AO-A0J2-01	1
TCGA-BP-5198-01	4
TCGA-66-2787-01	0
TCGA-05-4424-01	0
TCGA-A8-A082-01	1
TCGA-CJ-6027-01	4
TCGA-BG-A0VX-01	2
TCGA-AA-3861-01	7
TCGA-CX-7219-01	0
TCGA-A8-A08G-01	1
TCGA-28-5208-01	5
TCGA-AX-A06F-01	2
TCGA-21-1076-01	0
TCGA-CZ-5468-01	4
TCGA-BH-A0BQ-01	1
TCGA-CQ-5324-01	0
TCGA-BA-4076-01	0
TCGA-B4-5834-01	4
TCGA-BP-4342-01	4
TCGA-BA-6873-01	0
TCGA-61-1743-01	6
TCGA-AB-2867-03	3
TCGA-AP-A1E4-01	2
TCGA-C8-A26V-01	1
TCGA-B6-A0WS-01	1
TCGA-A3-3378-01	4
TCGA-BH-A28Q-01	1
TCGA-38-4632-01	0
TCGA-CN-4725-01	0
TCGA-29-1785-01	6
TCGA-AB-2826-03	3
TCGA-21-1080-01	0
TCGA-56-1622-01	0
TCGA-AG-A008-01	7
TCGA-H4-A2HO-01	0
TCGA-BG-A0VW-01	2
TCGA-94-7033-01	0
TCGA-A5-A0G3-01	2
TCGA-E2-A1B1-01	0
TCGA-A6-2677-01	7
TCGA-CZ-5464-01	4
TCGA-24-2267-01	6
TCGA-CV-7410-01	0
TCGA-A1-A0SH-01	1
TCGA-49-6761-01	0
TCGA-33-4566-01	0
TCGA-AX-A2HC-01	0
TCGA-A8-A07G-01	1
TCGA-25-1635-01	6
TCGA-AB-2987-03	3
TCGA-AG-3612-01	7
TCGA-BP-5170-01	4
TCGA-C8-A1HG-01	1
TCGA-AG-3883-01	2
TCGA-AO-A12H-01	1
TCGA-AX-A1C8-01	2
TCGA-BP-5008-01	4
TCGA-B5-A0K2-01	2
TCGA-E2-A10E-01	1
TCGA-A7-A13D-01	0
TCGA-AA-3715-01	2
TCGA-E2-A15S-01	1
TCGA-AX-A2H8-01	2
TCGA-24-1562-01	6
TCGA-05-4432-01	0
TCGA-AA-A00O-01	7
TCGA-FD-A3N5-01	0
TCGA-AA-3554-01	7
TCGA-BH-A0B7-01	1
TCGA-CV-7429-01	0
TCGA-61-2094-01	6
TCGA-AX-A060-01	2
TCGA-AA-A02F-01	7
TCGA-64-5774-01	0
TCGA-60-2716-01	0
TCGA-28-2509-01	5
TCGA-CV-5436-01	0
TCGA-DK-A3WX-01	0
TCGA-27-2523-01	5
TCGA-CN-4728-01	0
TCGA-CZ-5982-01	4
TCGA-B6-A0RV-01	1
TCGA-CV-7424-01	0
TCGA-41-3915-01	5
TCGA-HD-7229-01	0
TCGA-44-2657-01	0
TCGA-CV-5977-01	0
TCGA-34-5232-01	0
TCGA-55-5899-01	0
TCGA-24-1844-01	6
TCGA-50-5941-01	0
TCGA-63-7021-01	0
TCGA-DK-A2I4-01	0
TCGA-95-7562-01	1
TCGA-24-1430-01	6
TCGA-AR-A24Q-01	0
TCGA-A6-2672-01	7
TCGA-AA-3989-01	7
TCGA-53-7813-01	0
TCGA-23-1114-01	6
TCGA-A8-A09C-01	1
TCGA-BH-A0BF-01	1
TCGA-BH-A18L-01	1
TCGA-A1-A0SG-01	1
TCGA-60-2723-01	0
TCGA-44-2662-01	0
TCGA-24-2262-01	6
TCGA-B5-A11Y-01	2
TCGA-05-4397-01	0
TCGA-50-5072-01	0
TCGA-AB-2964-03	3
TCGA-A2-A0YF-01	1
TCGA-61-2102-01	6
TCGA-AR-A0TQ-01	1
TCGA-DQ-7590-01	0
TCGA-A5-A0GB-01	2
TCGA-21-1072-01	0
TCGA-A2-A0T2-01	0
TCGA-E9-A22A-01	1
TCGA-B0-5402-01	4
TCGA-22-5474-01	0
TCGA-EY-A1G8-01	2
TCGA-33-4587-01	0
TCGA-D1-A17C-01	2
TCGA-18-3409-01	0
TCGA-25-2393-01	6
TCGA-91-6829-01	0
TCGA-AG-4007-01	7
TCGA-BH-A18P-01	1
TCGA-10-0928-01	6
TCGA-AB-2976-03	3
TCGA-B5-A11E-01	2
TCGA-BH-A0B3-01	0
TCGA-55-7815-01	1
TCGA-06-0152-02	5
TCGA-AY-4071-01	7
TCGA-24-1469-01	6
TCGA-D1-A16D-01	2
TCGA-CZ-5460-01	4
TCGA-B0-4816-01	4
TCGA-CJ-5683-01	4
TCGA-E2-A1BD-01	1
TCGA-BH-A0DE-01	1
TCGA-32-2632-01	5
TCGA-CR-7371-01	0
TCGA-CM-4747-01	2
TCGA-38-6178-01	0
TCGA-AO-A0JM-01	1
TCGA-D8-A1XM-01	1
TCGA-91-6830-01	0
TCGA-70-6723-01	0
TCGA-BP-4332-01	4
TCGA-E2-A14P-01	1
TCGA-AO-A12C-01	1
TCGA-24-2027-01	6
TCGA-60-2720-01	0
TCGA-A5-A1OG-01	2
TCGA-E9-A227-01	1
TCGA-AP-A059-01	2
TCGA-56-5897-01	0
TCGA-BH-A1EU-01	0
TCGA-18-3416-01	0
TCGA-EY-A1GK-01	2
TCGA-AB-2937-03	3
TCGA-A2-A04R-01	1
TCGA-AP-A1DK-01	2
TCGA-FI-A2D4-01	2
TCGA-AR-A2LH-01	1
TCGA-A8-A07O-01	0
TCGA-CZ-4856-01	4
TCGA-77-7463-01	0
TCGA-A1-A0SO-01	0
TCGA-CV-5973-01	0
TCGA-21-5787-01	0
TCGA-27-2519-01	5
TCGA-BS-A0UT-01	2
TCGA-CV-5431-01	0
TCGA-A5-A0G5-01	2
TCGA-13-1405-01	6
TCGA-AB-2925-03	3
TCGA-56-7580-01	0
TCGA-E9-A1RF-01	1
TCGA-A2-A0T0-01	0
TCGA-BH-A18G-01	0
TCGA-E6-A1LZ-01	2
TCGA-86-8075-01	0
TCGA-B6-A0IA-01	1
TCGA-A8-A090-01	1
TCGA-J2-8192-01	0
TCGA-BB-4217-01	0
TCGA-CR-7398-01	0
TCGA-AA-3815-01	7
TCGA-43-6771-01	0
TCGA-55-7995-01	0
TCGA-27-1837-01	5
TCGA-FI-A2D5-01	2
TCGA-BB-7870-01	0
TCGA-A8-A09G-01	1
TCGA-BT-A20X-01	0
TCGA-CR-6470-01	0
TCGA-B5-A0K6-01	2
TCGA-CV-7435-01	0
TCGA-AN-A0AM-01	1
TCGA-55-6970-01	0
TCGA-EY-A212-01	2
TCGA-AO-A0J4-01	0
TCGA-AA-3538-01	7
TCGA-AX-A1CN-01	0
TCGA-A5-A0GM-01	2
TCGA-BH-A0DX-01	1
TCGA-77-6844-01	0
TCGA-33-4586-01	0
TCGA-AA-3977-01	7
TCGA-AR-A0TX-01	1
TCGA-AG-3574-01	7
TCGA-A2-A0YK-01	1
TCGA-18-3414-01	0
TCGA-13-1481-01	6
TCGA-25-2397-01	6
TCGA-AX-A05U-01	2
TCGA-CZ-4865-01	4
TCGA-A8-A09K-01	1
TCGA-05-5715-01	0
TCGA-61-1907-01	6
TCGA-B0-5104-01	4
TCGA-AB-2840-03	3
TCGA-95-7947-01	0
TCGA-86-8056-01	0
TCGA-78-7145-01	0
TCGA-B5-A0JZ-01	2
TCGA-AB-2975-03	3
